-- phpMyAdmin SQL Dump
-- version 5.1.0
-- https://www.phpmyadmin.net/
--
-- Servidor: 127.0.0.1
-- Tiempo de generación: 04-05-2021 a las 01:07:24
-- Versión del servidor: 10.4.18-MariaDB
-- Versión de PHP: 8.0.3

SET SQL_MODE = "NO_AUTO_VALUE_ON_ZERO";
START TRANSACTION;
SET time_zone = "+00:00";


/*!40101 SET @OLD_CHARACTER_SET_CLIENT=@@CHARACTER_SET_CLIENT */;
/*!40101 SET @OLD_CHARACTER_SET_RESULTS=@@CHARACTER_SET_RESULTS */;
/*!40101 SET @OLD_COLLATION_CONNECTION=@@COLLATION_CONNECTION */;
/*!40101 SET NAMES utf8mb4 */;

--
-- Base de datos: `confianza_general`
--
CREATE DATABASE IF NOT EXISTS `confianza_general` DEFAULT CHARACTER SET utf8mb4 COLLATE utf8mb4_general_ci;
USE `confianza_general`;

-- --------------------------------------------------------

--
-- Estructura de tabla para la tabla `t_empresas_seguro`
--

CREATE TABLE `t_empresas_seguro` (
  `id` int(11) NOT NULL,
  `nombre` varchar(255) NOT NULL,
  `ruc` varchar(255) NOT NULL,
  `factor_general` decimal(10,4) NOT NULL,
  `factor_soat` decimal(10,4) NOT NULL,
  `gastos_emision` decimal(10,4) NOT NULL,
  `gastos_emision_minimo` decimal(10,4) NOT NULL,
  `gastos_emision_minimo_soat` decimal(10,4) NOT NULL,
  `activo` tinyint(1) NOT NULL,
  `logo` varchar(255) NOT NULL
) ENGINE=InnoDB DEFAULT CHARSET=utf8mb4;

--
-- Volcado de datos para la tabla `t_empresas_seguro`
--

INSERT INTO `t_empresas_seguro` (`id`, `nombre`, `ruc`, `factor_general`, `factor_soat`, `gastos_emision`, `gastos_emision_minimo`, `gastos_emision_minimo_soat`, `activo`, `logo`) VALUES
(1, 'avla peru compañia de seguros s a (antes aval peru', '20600825187', '1.2154', '1.2154', '1.0300', '5.0000', '0.0000', 0, ''),
(2, 'bnp paribas cardif s a compañia de seguros y rease', '20513328819', '1.2154', '1.2154', '1.0300', '5.0000', '0.0000', 0, ''),
(3, 'chubb perú s.a. compañia de seguros y reaseguros', '20390625007', '1.2154', '1.2154', '1.0300', '5.0000', '0.0000', 0, ''),
(4, 'coface seguro de credito peru s.a', '20600524233', '1.2154', '1.2154', '1.0300', '5.0000', '0.0000', 0, ''),
(5, 'compañia de seguros de vida camara s a.', '20554477721', '1.2154', '1.2154', '1.0300', '5.0000', '0.0000', 0, ''),
(6, 'crecer seguros s.a. compañia de seguros', '20600098633', '1.2154', '1.2154', '1.0300', '5.0000', '0.0000', 1, 'crecer.png'),
(7, 'insur s a compañia de seguros', '20492497721', '1.2154', '1.2154', '1.0300', '5.0000', '0.0000', 0, ''),
(8, 'interseguro compañia de seguros s a', '20382748566', '1.2154', '1.2154', '1.0300', '5.0000', '0.0000', 0, ''),
(9, 'la positiva seguros y reaseguros s.a.a.', '20100210909', '1.2154', '1.2154', '1.0300', '5.0000', '0.0000', 1, 'positiva.svg'),
(10, 'la positiva vida seguros y reaseguros', '20454073143', '1.2154', '1.2154', '1.0300', '5.0000', '0.0000', 1, 'positiva.svg'),
(11, 'liberty seguros s a', '20601127602', '1.2154', '1.2154', '1.0300', '5.0000', '0.0000', 0, ''),
(12, 'mapfre peru compañia de seguros y reaseguros s.a.', '20202380621', '1.2154', '1.2392', '1.0300', '5.0000', '0.0000', 1, 'mapfre.svg'),
(13, 'mapfre peru vida compañia de seguros y reaseguros', '20418896915', '1.2154', '1.2392', '1.0300', '5.0000', '0.0000', 1, 'mapfre.svg'),
(14, 'ohio national seguros de vida s.a.', '20554816526', '1.2154', '1.2154', '1.0300', '5.0000', '0.0000', 0, ''),
(15, 'pacifico compañia de seguros y reaseguros', '20332970411', '1.2154', '1.2272', '1.0300', '5.0000', '0.0000', 1, 'pacifico.svg'),
(16, 'protecta s.a. compañia de seguros', '20517207331', '1.2154', '1.2272', '1.0300', '5.0000', '0.0000', 1, 'protecta.png'),
(17, 'qualitas compañia de seguros s.a.', '20553157014', '1.2154', '1.2154', '1.0300', '5.0000', '0.0000', 0, ''),
(18, 'rigel peru s.a. compañia de seguros de vida', '20552322704', '1.2154', '1.2154', '1.0300', '5.0000', '0.0000', 0, ''),
(19, 'rimac seguros y reaseguros', '20100041953', '1.2154', '1.2154', '1.0300', '5.0000', '0.0000', 1, 'rimac.svg'),
(20, 'secrex compañia de seguros de credito y garantias', '', '1.2154', '1.2154', '1.0300', '5.0000', '0.0000', 0, '');

-- --------------------------------------------------------

--
-- Estructura de tabla para la tabla `t_monedas`
--

CREATE TABLE `t_monedas` (
  `id` int(11) NOT NULL,
  `nombre` varchar(255) NOT NULL,
  `simbolo` varchar(255) NOT NULL
) ENGINE=InnoDB DEFAULT CHARSET=utf8mb4;

--
-- Volcado de datos para la tabla `t_monedas`
--

INSERT INTO `t_monedas` (`id`, `nombre`, `simbolo`) VALUES
(1, 'soles', 'S/'),
(2, 'dólares', 'USD');

-- --------------------------------------------------------

--
-- Estructura de tabla para la tabla `t_productos_empresas_seguros`
--

CREATE TABLE `t_productos_empresas_seguros` (
  `id` int(11) NOT NULL,
  `nombre` varchar(255) NOT NULL,
  `id_empresas_seguro` int(11) NOT NULL,
  `id_ramo` int(11) NOT NULL,
  `comision` decimal(10,2) NOT NULL
) ENGINE=InnoDB DEFAULT CHARSET=utf8mb4;

--
-- Volcado de datos para la tabla `t_productos_empresas_seguros`
--

INSERT INTO `t_productos_empresas_seguros` (`id`, `nombre`, `id_empresas_seguro`, `id_ramo`, `comision`) VALUES
(1, 'accidente cash', 9, 61, '0.00'),
(2, 'accidentes cobertura total - total benefit guarantee life plus (antes seg. de acc. personales guarantee life plus - $)', 15, 61, '0.00'),
(3, 'accidentes con retorno', 6, 61, '0.00'),
(4, 'accidentes de estudiantes', 6, 61, '0.00'),
(5, 'accidentes multicobertura (antes multi life familiar) - dólares', 15, 61, '0.00'),
(6, 'accidentes multicobertura (antes multi life individual) - dólares', 15, 61, '0.00'),
(7, 'accidentes personales', 9, 61, '0.00'),
(8, 'accidentes personales (seguro de accidentes) - dólares', 19, 61, '0.00'),
(9, 'accidentes personales (seguro de accidentes) - dólares', 15, 61, '0.00'),
(10, 'accidentes personales (seguro de accidentes) - soles', 19, 61, '0.00'),
(11, 'accidentes personales individuales (seguro de accidentes)// seguro de accidentes personales', 12, 61, '15.00'),
(12, 'accidentes personales salud', 19, 61, '0.00'),
(13, 'accidentes reembolso', 15, 61, '0.00'),
(14, 'accidentes reembolso (antes accidental plus) - dólares', 15, 61, '0.00'),
(15, 'accidentes retorno (seguro de accidentes) - dólares', 15, 61, '0.00'),
(16, 'accidentes triple cobertura (antes guarante life ii)', 15, 61, '0.00'),
(17, 'admisión temporal para perfeccionamiento activo', 9, 54, '0.00'),
(18, 'agentes de aduana', 9, 54, '0.00'),
(19, 'ahorra seguro', 19, 71, '0.00'),
(20, 'ahorro plan 10 años (seguro de vida) - dólares', 10, 71, '0.00'),
(21, 'ahorro plan 15 años (seguro de vida) - dólares', 10, 71, '0.00'),
(22, 'ahorro plan 20 años (seguro de vida) - dólares', 10, 71, '0.00'),
(23, 'ahorro plan hasta 65 años (seguro de vida) - dólares', 10, 71, '0.00'),
(24, 'ahorro total protecta', 16, 71, '0.00'),
(25, 'almacenes aduaneros', 9, 54, '0.00'),
(26, 'así de fácil (seguro de vida) - dólares', 10, 71, '0.00'),
(27, 'asistencia médica (seguro médico) - dólares', 12, 64, '15.00'),
(28, 'asistencia médica (seguro médico) - soles', 12, 64, '15.00'),
(29, 'asistencia médica colectiva - modalidades formativas laborales', 19, 64, '0.00'),
(30, 'asistencia médica, colectivas (seguro médico) - dólares', 19, 64, '0.00'),
(31, 'asistencia médica, colectivas (seguro médico) - soles', 19, 64, '0.00'),
(32, 'auto 0 km - dólares', 12, 21, '15.00'),
(33, 'auto facil (antes pérdida total express) - soles y dólares', 12, 21, '15.00'),
(34, 'auto total (seguro de vehículos)', 9, 21, '0.00'),
(35, 'auto total líder (seguro de vehículos)', 9, 21, '0.00'),
(36, 'automovil multiauto empresarial', 15, 21, '0.00'),
(37, 'automoviles programa corporativo', 12, 21, '15.00'),
(38, 'autos financiados (ex automóvil bancos)', 15, 21, '0.00'),
(39, 'autotal', 9, 21, '0.00'),
(40, 'buen manejo de anticipo', 9, 54, '0.00'),
(41, 'buena ejecución de obra', 9, 54, '0.00'),
(42, 'casa a tu medida', 19, 52, '0.00'),
(43, 'cascos pesqueros y no pesqueros', 15, 15, '0.00'),
(44, 'cauciones (seguro de garantías) - dólares// seguro de caución para obreas públicas- dólares', 12, 54, '15.00'),
(45, 'cauciones (seguro de garantías) - soles// seguro de caución para obras públicas- soles', 12, 54, '15.00'),
(46, 'certivida (seguro de vida) - dólares', 13, 71, '15.00'),
(47, 'cobertura múltiple', 10, 80, '0.00'),
(48, 'comprensivo contra deshonestidad (3d)', 15, 45, '0.00'),
(49, 'continental protección, seguro de accid. personales y renta familiar (seguro de vida) - dólares', 19, 71, '0.00'),
(50, 'continental vida (seguro de vida) - dólares', 19, 71, '0.00'),
(51, 'continental vida ahorro - dólares', 19, 71, '0.00'),
(52, 'continuidad de negocio', 10, 80, '0.00'),
(53, 'contrato de seguro de vida en grupo \"para tí familia\" - soles', 15, 72, '0.00'),
(54, 'convida oro (seguro de vida) - dólares// convida oro', 13, 71, '15.00'),
(55, 'crece emprendedor', 6, 81, '0.00'),
(56, 'crece estudiando', 6, 72, '0.00'),
(57, 'crece estudiando superior', 6, 72, '0.00'),
(58, 'crece seguro', 6, 75, '0.00'),
(59, 'crece tranquilo', 6, 72, '0.00'),
(60, 'credisalud integral', 9, 64, '0.00'),
(61, 'crédito seguro', 19, 57, '0.00'),
(62, 'decesos (seguro de sepelio y vida) - soles', 13, 79, '15.00'),
(63, 'desgravamen individual', 19, 74, '0.00'),
(64, 'desgravamen individual 3', 15, 74, '0.00'),
(65, 'desgravamen individual bbva continental', 19, 74, '0.00'),
(66, 'desgravamen monto original', 6, 74, '0.00'),
(67, 'desgravamen prima única ii', 15, 74, '0.00'),
(68, 'desgravamen prima única plus', 15, 74, '0.00'),
(69, 'desgravamen saldo', 6, 74, '0.00'),
(70, 'desgravamen tarjeta de crédito', 6, 74, '0.00'),
(71, 'deshonestidad bancaria - dólares', 12, 46, '15.00'),
(72, 'deshonestidad frente a la empresa forma comprensiva', 15, 44, '0.00'),
(73, 'diamante 10 años (seguro de vida) - dólares', 10, 71, '0.00'),
(74, 'diamante 15 años (seguro de vida) - dólares', 10, 71, '0.00'),
(75, 'diamante 20 años (seguro de vida) - dólares', 10, 71, '0.00'),
(76, 'diamante hasta 65 años (seguro de vida) - dólares', 10, 71, '0.00'),
(77, 'diamante vitalicio (seguro de vida) - dólares', 10, 71, '0.00'),
(78, 'domiflex', 19, 52, '0.00'),
(79, 'dorada económica', 12, 21, '15.00'),
(80, 'dorada integral', 12, 21, '15.00'),
(81, 'educación segura', 15, 61, '0.00'),
(82, 'el ángel de la guarda (seguro de sepelio) - soles', 13, 72, '15.00'),
(83, 'el previsor - plan a (seguro médico) - dólares', 12, 64, '15.00'),
(84, 'el previsor - plan b (seguro médico) - dólares', 12, 64, '15.00'),
(85, 'el previsor - plan c (seguro médico) - dólares', 12, 64, '15.00'),
(86, 'el previsor - plan d (seguro médico) - dólares', 12, 64, '15.00'),
(87, 'enfermedades y accidentes graves (seguro médico) - dólares', 15, 64, '0.00'),
(88, 'falabella accidentes retorno - dólares', 19, 61, '0.00'),
(89, 'falabella salud', 9, 64, '0.00'),
(90, 'falabella salud - soles', 9, 64, '0.00'),
(91, 'falabella vida retorno - dólares', 19, 71, '0.00'),
(92, 'familia blindada', 15, 61, '0.00'),
(93, 'familia protegida', 6, 72, '0.00'),
(94, 'familia segura familiar - dólares', 15, 61, '0.00'),
(95, 'familia segura ii (guarantee life ii)', 15, 61, '0.00'),
(96, 'familia segura individual - dólares', 15, 61, '0.00'),
(97, 'familia segura plus ii (guarantee life ii)', 15, 61, '0.00'),
(98, 'fiel cumplimiento de contrato', 9, 54, '0.00'),
(99, 'fiel cumplimiento de contrato - dólares', 9, 54, '0.00'),
(100, 'fondo universitario (antes seguro de vida para la educación superior, university life)', 15, 71, '0.00'),
(101, 'fondo universitario (seguro de vida) - dólares', 13, 71, '15.00'),
(102, 'fondo universitario bcp', 15, 71, '0.00'),
(103, 'fondo universitario ii', 15, 71, '0.00'),
(104, 'fondo vida garantizado', 15, 71, '0.00'),
(105, 'formación laboral (seguro médico) - dólares', 15, 64, '0.00'),
(106, 'full salud (seguro médico) - dólares', 19, 64, '0.00'),
(107, 'garantía extendida', 6, 59, '0.00'),
(108, 'global life 2000 (seguro de vida) - dólares', 15, 71, '0.00'),
(109, 'grandes daños (seguro de vehículos) - dólares', 12, 21, '15.00'),
(110, 'guarantee life familiar (seguro de accidentes) - dólares', 15, 61, '0.00'),
(111, 'guarantee life individual (seguro de accidentes) - dólares', 15, 61, '0.00'),
(112, 'importación temporal para reexportación en el mismo estado', 9, 54, '0.00'),
(113, 'incendio y/o rayo', 15, 1, '0.00'),
(114, 'infortunio', 15, 41, '0.00'),
(115, 'ingreso protegido', 19, 55, '0.00'),
(116, 'integral de hidrocarburos - dólares seguro integral del transportista de hidrocarburos', 9, 53, '0.00'),
(117, 'integral del hogar (seguro de domicilio)', 9, 52, '0.00'),
(118, 'intersalud (seguro médico) - dólares y soles', 19, 64, '0.00'),
(119, 'kyodai salud', 9, 64, '0.00'),
(120, 'kyodai salud - soles', 9, 64, '0.00'),
(121, 'lifestyle - dólares', 15, 72, '0.00'),
(122, 'lucro cesante - dólares', 12, 4, '15.00'),
(123, 'mapfre agrícola - seguro agrícola de costos de producción y rendimiento garantizado con ajuste a cosecha', 12, 58, '15.00'),
(124, 'mapfre planta viva - seguro agrícola de costo de producción con ajuste en planta viva', 12, 58, '15.00'),
(125, 'mapfre salud callao - soles', 12, 64, '15.00'),
(126, 'masepelio, seguro de vida entera - soles', 15, 79, '0.00'),
(127, 'máxima protección accidentes - soles', 15, 61, '0.00'),
(128, 'mediplus (seguro médico) - soles y dólares', 9, 64, '0.00'),
(129, 'mediplus ii - soles', 9, 64, '0.00'),
(130, 'mediplus oro ii - dólares', 9, 64, '0.00'),
(131, 'mediplus oro ii - soles', 9, 64, '0.00'),
(132, 'medisalud (esencial o básico)', 9, 64, '0.00'),
(133, 'medisalud empresarial', 9, 64, '0.00'),
(134, 'medisalud formación laboral', 9, 64, '0.00'),
(135, 'medisalud global', 9, 64, '0.00'),
(136, 'medisalud hospitalario', 9, 64, '0.00'),
(137, 'medisalud plus', 9, 64, '0.00'),
(138, 'medisalud premium', 9, 64, '0.00'),
(139, 'medisalud senior', 9, 64, '0.00'),
(140, 'meditotal (seguro médico) - soles y dólares', 9, 64, '0.00'),
(141, 'medsalud - soles', 9, 64, '0.00'),
(142, 'microseguro accidentes personales', 19, 61, '0.00'),
(143, 'microseguro accidentes personales cnt soles y dólares', 19, 61, '0.00'),
(144, 'microseguro bienestar familiar', 6, 61, '0.00'),
(145, 'microseguro crece protegido', 6, 72, '0.00'),
(146, 'microseguro crediseguro - soles', 10, 72, '0.00'),
(147, 'microseguro de accidentes ahorro programado - dólares', 9, 61, '0.00'),
(148, 'microseguro de accidentes de tránsito', 6, 61, '0.00'),
(149, 'microseguro de accidentes personales', 6, 61, '0.00'),
(150, 'microseguro de accidentes personales - dólares', 9, 61, '0.00'),
(151, 'microseguro de accidentes personales asomif i - soles', 9, 61, '0.00'),
(152, 'microseguro de accidentes personales divino seguro (antes caja señor de luren) - dólares', 9, 61, '0.00'),
(153, 'microseguro de accidentes personales divino seguro (antes caja señor de luren) - soles', 9, 61, '0.00'),
(154, 'microseguro de accidentes personales modular', 15, 61, '0.00'),
(155, 'microseguro de cajas municipales - soles/kawsay kori-tu vida vale oro', 10, 80, '0.00'),
(156, 'microseguro de desempleo asegura tu pensión - soles', 9, 59, '0.00'),
(157, 'microseguro de desgravamen', 16, 74, '0.00'),
(158, 'microseguro de hospitalización por accidente', 6, 61, '0.00'),
(159, 'microseguro de incendio- negocio protegido// microseguro de incendio// microseguro negocio protegido', 15, 1, '0.00'),
(160, 'microseguro de sepelio', 6, 61, '0.00'),
(161, 'microseguro de sepelio - soles', 16, 81, '0.00'),
(162, 'microseguro de sepelio y protección familiar - soles', 10, 81, '0.00'),
(163, 'microseguro de vida', 19, 80, '0.00'),
(164, 'microseguro de vida', 6, 72, '0.00'),
(165, 'microseguro de vida', 16, 72, '0.00'),
(166, 'microseguro de vida individual manos solidarias - soles', 10, 80, '0.00'),
(167, 'microseguro de vida individual masepelio - soles// masepelio// más sepelio', 15, 71, '0.00'),
(168, 'microseguro de vida mi familia - soles', 16, 80, '0.00'),
(169, 'microseguro de vida tacna', 10, 80, '0.00'),
(170, 'microseguro de vida y sepelio', 10, 80, '0.00'),
(171, 'microseguro edúcate seguro - soles', 10, 80, '0.00'),
(172, 'microseguro familia protegida - belcorp', 19, 80, '0.00'),
(173, 'microseguro familia protegida - soles', 19, 80, '0.00'),
(174, 'microseguro familia segura - caja arequipa', 19, 80, '0.00'),
(175, 'microseguro finca vida - soles', 10, 80, '0.00'),
(176, 'microseguro individual de accidentes familia protegida - soles y dólares', 15, 61, '0.00'),
(177, 'microseguro más por tu familia', 15, 61, '0.00'),
(178, 'microseguro más por tu familia - soles', 15, 61, '0.00'),
(179, 'microseguro modular accidentes grupal', 10, 61, '0.00'),
(180, 'microseguro modular de accidentes individual', 10, 61, '0.00'),
(181, 'microseguro modular de vida individual', 10, 80, '0.00'),
(182, 'microseguro modular vida grupal', 10, 72, '0.00'),
(183, 'microseguro multiriesgo de accidentes y salud por indemnización - soles', 9, 61, '0.00'),
(184, 'microseguro oncológico indemnizatorio', 15, 64, '0.00'),
(185, 'microseguro positiva vida', 10, 80, '0.00'),
(186, 'microseguro protección contra accidentes', 6, 61, '0.00'),
(187, 'microseguro rapiseguro - indemnización por diagnóstico de enfermedades graves - soles', 9, 64, '0.00'),
(188, 'microseguro rapiseguro - pago diario por hospitalización por accidente - soles// clini cash', 9, 61, '0.00'),
(189, 'microseguro rapiseguro accidentes personales - soles y dólares', 9, 61, '0.00'),
(190, 'microseguro rapiseguro indemnización por diagnóstico de cáncer - soles // onco cash', 9, 64, '0.00'),
(191, 'microseguro renta por fallecimiento', 6, 72, '0.00'),
(192, 'microseguro rescatel plus', 9, 57, '0.00'),
(193, 'microseguro retiro protegido', 6, 41, '0.00'),
(194, 'microseguro retiro seguro', 9, 41, '0.00'),
(195, 'microseguro salud plus', 6, 61, '0.00'),
(196, 'microseguro vida caja - soles', 10, 80, '0.00'),
(197, 'microseguro vida caja plan ii - soles', 10, 80, '0.00'),
(198, 'microseguro vida caja plan iii - soles', 10, 80, '0.00'),
(199, 'microseguro vida emprendedor', 19, 80, '0.00'),
(200, 'microseguro vida mujer - soles', 10, 80, '0.00'),
(201, 'microseguro vida tranquilidad', 19, 72, '0.00'),
(202, 'mircroseguro de robo y asalto', 9, 41, '0.00'),
(203, 'montaje', 15, 35, '0.00'),
(204, 'mujer segura con pro mujer', 6, 72, '0.00'),
(205, 'multiauto full nuevo (seguro de vehículos)', 15, 21, '0.00'),
(206, 'multimédic (seguro médico) - dólares', 15, 64, '0.00'),
(207, 'multiplan (seguro médico) - dólares', 15, 64, '0.00'),
(208, 'multiproducto modular accidentes grupal', 10, 61, '0.00'),
(209, 'multiproducto modular vida accidentes individual', 10, 61, '0.00'),
(210, 'multiproducto modular vida grupal', 10, 72, '0.00'),
(211, 'multiproducto modular vida individual corto plazo', 10, 80, '0.00'),
(212, 'multiproducto modular vida individual largo plazo', 10, 71, '0.00'),
(213, 'multiriesgo negocios (riesgos varios)', 15, 57, '0.00'),
(214, 'multiviaje internacional - dólares', 15, 61, '0.00'),
(215, 'multiviaje nacional - dólares', 15, 61, '0.00'),
(216, 'mundisalud ii - dólares', 9, 64, '0.00'),
(217, 'mundisalud ii - soles', 9, 64, '0.00'),
(218, 'oncológico con retorno', 6, 61, '0.00'),
(219, 'pakta', 19, 21, '0.00'),
(220, 'pensión educativa segura - soles', 10, 80, '0.00'),
(221, 'pérdida total', 12, 21, '15.00'),
(222, 'pérdida total (seguro de vehículos) - dólares', 12, 21, '15.00'),
(223, 'plan carro x carro', 19, 21, '0.00'),
(224, 'plan continuidad de negocios', 6, 61, '0.00'),
(225, 'plan continuidad de negocios plus', 6, 61, '0.00'),
(226, 'plan de ahorro garantizado (seguro de vida) - dólares', 13, 71, '15.00'),
(227, 'plan esencial de aseguramiento universal - peas', 9, 64, '0.00'),
(228, 'plan privado de jubilación (seguro de vida) - dólares// plan privado de jubilación- primas periódicas', 13, 71, '15.00'),
(229, 'plan privado de jubilación primas únicas (seguro de vida) - dólares// plan privado de jubilación prima única', 13, 71, '15.00'),
(230, 'plan privado de jubilación primas únicas (seguro de vida) - euros', 13, 71, '15.00'),
(231, 'plan salud', 19, 64, '0.00'),
(232, 'plan vida flexible', 19, 71, '0.00'),
(233, 'plan vida segura en dólares actualizados a tasa fija', 19, 75, '0.00'),
(234, 'plan vida segura en soles actualizados a tasa fija // vida pensión segura en soles actualizados a tasa fija', 19, 75, '0.00'),
(235, 'plan vida segura en soles indexados a la inflación', 19, 75, '0.00'),
(236, 'plus salud (seguro médico) - dólares', 9, 64, '0.00'),
(237, 'póliza de seguro de caución para obras privadas - dólares', 12, 54, '15.00'),
(238, 'póliza de seguro de caución para obras privadas - soles', 12, 54, '15.00'),
(239, 'póliza de seguro de protección familiar vida eterna - soles', 10, 80, '0.00'),
(240, 'póliza dorada (seguro de vehículos) - dólares', 12, 21, '15.00'),
(241, 'póliza dorada web', 12, 21, '15.00'),
(242, 'póliza plateada', 12, 21, '15.00'),
(243, 'póliza plateada (seguro de vehículos) - dólares', 12, 21, '15.00'),
(244, 'póliza vip mujer', 12, 21, '15.00'),
(245, 'premium life - dólares', 15, 71, '0.00'),
(246, 'prestatarios', 15, 57, '0.00'),
(247, 'producto económico', 12, 21, '15.00'),
(248, 'programa de accidentes y salud', 6, 61, '0.00'),
(249, 'programa hospitalario familiar - dólares', 9, 64, '0.00'),
(250, 'programa hospitalario familiar - soles', 9, 64, '0.00'),
(251, 'protección accidental - soles', 19, 61, '0.00'),
(252, 'protección de cuentas', 6, 41, '0.00'),
(253, 'protección de tarjeta individual', 19, 41, '0.00'),
(254, 'protección familiar', 6, 72, '0.00'),
(255, 'protección familiar (seguro de vida) - soles', 19, 80, '0.00'),
(256, 'protección financiera', 6, 61, '0.00'),
(257, 'protección financiera', 15, 72, '0.00'),
(258, 'protección financiera ii', 15, 72, '0.00'),
(259, 'protección gold pacífico vida - dólares', 15, 61, '0.00'),
(260, 'protección grupal', 6, 72, '0.00'),
(261, 'protección integral plus', 10, 80, '0.00'),
(262, 'protección móvil', 19, 59, '0.00'),
(263, 'protección múltiple bbva', 19, 61, '0.00'),
(264, 'protección múltiple bbva continental', 19, 61, '0.00'),
(265, 'protección oncológica', 6, 72, '0.00'),
(266, 'protección total', 6, 81, '0.00'),
(267, 'régimen suspensivo de tránsito internacional de mercancías', 9, 54, '0.00'),
(268, 'rehder corporativo (seguro médico) - soles', 19, 64, '0.00'),
(269, 'renta escalonada de jubilación- dólares ajustados', 6, 76, '0.00'),
(270, 'renta escalonada de jubilación- soles ajustados', 6, 76, '0.00'),
(271, 'renta estudiantil - soles y dolores', 15, 72, '0.00'),
(272, 'renta familiar inmediata en soles ajustados por invalidez (incluye cláusula adicional de gratificación semestral)', 19, 94, '0.00'),
(273, 'renta flex', 15, 75, '0.00'),
(274, 'renta garantizada - dólares', 19, 75, '0.00'),
(275, 'renta garantizada - soles', 19, 75, '0.00'),
(276, 'renta hospitalaria', 6, 61, '0.00'),
(277, 'renta hospitalaria por accidente', 15, 61, '0.00'),
(278, 'renta hospitalaria por accidente - dólares', 19, 61, '0.00'),
(279, 'renta hospitalaria por accidente - soles', 19, 61, '0.00'),
(280, 'renta hospitalaria por accidente o enfermedad', 15, 61, '0.00'),
(281, 'renta inversión', 19, 75, '0.00'),
(282, 'renta particular (renta vitalicia familiar privada) - dólares', 13, 75, '15.00'),
(283, 'renta privada flex', 15, 75, '0.00'),
(284, 'renta privada vitalicia', 15, 75, '0.00'),
(285, 'renta segura - dólares', 15, 61, '0.00'),
(286, 'renta segura mapfre', 13, 75, '15.00'),
(287, 'renta total protecta', 16, 75, '0.00'),
(288, 'renta vitalicia diferida - dólares', 13, 76, '15.00'),
(289, 'renta vitalicia diferida - soles', 13, 76, '15.00'),
(290, 'renta vitalicia diferida con pensión total al 70 % para el cónyuge - soles', 13, 76, '15.00'),
(291, 'renta vitalicia diferida con pensión total para el cónyuge - dólares', 13, 76, '15.00'),
(292, 'renta vitalicia diferida con pensión total para el cónyuge - soles', 13, 76, '15.00'),
(293, 'renta vitalicia diferida con periodo garantizado - dólares', 13, 76, '15.00'),
(294, 'renta vitalicia diferida con periodo garantizado - soles', 13, 76, '15.00'),
(295, 'renta vitalicia escalonada', 19, 76, '0.00'),
(296, 'renta vitalicia escalonada', 15, 76, '0.00'),
(297, 'renta vitalicia escalonada', 16, 76, '0.00'),
(298, 'renta vitalicia escalonda', 10, 76, '0.00'),
(299, 'renta vitalicia familiar de invalidez- dólares ajustados', 6, 94, '0.00'),
(300, 'renta vitalicia familiar de invalidez- soles ajustados', 6, 94, '0.00'),
(301, 'renta vitalicia familiar de invalidez- soles indexados', 6, 94, '0.00'),
(302, 'renta vitalicia familiar de jubilación- dólares ajustados', 6, 76, '0.00'),
(303, 'renta vitalicia familiar de jubilación- soles ajustados', 6, 76, '0.00'),
(304, 'renta vitalicia familiar de jubilación- soles indexados', 6, 76, '0.00'),
(305, 'renta vitalicia familiar de sobrevivencia- dólares ajustados', 6, 95, '0.00'),
(306, 'renta vitalicia familiar de sobrevivencia- soles ajustados', 6, 95, '0.00'),
(307, 'renta vitalicia familiar de sobrevivencia- soles indexados', 6, 95, '0.00'),
(308, 'renta vitalicia familiar diferida - dólares', 19, 76, '0.00'),
(309, 'renta vitalicia familiar diferida - dólares', 15, 76, '0.00'),
(310, 'renta vitalicia familiar diferida - soles', 19, 76, '0.00'),
(311, 'renta vitalicia familiar diferida - soles', 15, 76, '0.00'),
(312, 'renta vitalicia familiar diferida con cobertura al 100% para el cónyuge sobreviviente como único beneficiario - dólares', 15, 76, '0.00'),
(313, 'renta vitalicia familiar diferida con cobertura al 100% para el cónyuge sobreviviente como único beneficiario - soles', 15, 76, '0.00'),
(314, 'renta vitalicia familiar diferida con cobertura al 70% para el cónyuge sobreviviente como único beneficiario - dólares', 15, 76, '0.00'),
(315, 'renta vitalicia familiar diferida con cobertura al 70% para el cónyuge sobreviviente como único beneficiario - soles', 15, 76, '0.00'),
(316, 'renta vitalicia familiar diferida con cobertura del 50% para cónyuge - dólares', 19, 76, '0.00'),
(317, 'renta vitalicia familiar diferida con cobertura del 50% para cónyuge- soles', 19, 76, '0.00'),
(318, 'renta vitalicia familiar diferida con cobertura del 70% para cónyuge - dólares', 19, 76, '0.00'),
(319, 'renta vitalicia familiar diferida con cobertura del 70% para cónyuge - soles', 19, 76, '0.00'),
(320, 'renta vitalicia familiar diferida con cobertura total (100%) para cónyuge - dólares', 19, 76, '0.00'),
(321, 'renta vitalicia familiar diferida con cobertura total (100%) para cónyuge - soles', 19, 76, '0.00'),
(322, 'renta vitalicia familiar diferida con pensión total al 70 % para el cónyuge - dólares', 13, 76, '15.00'),
(323, 'renta vitalicia familiar diferida con per. garantizado de 20 años (sobreviencia) - dólares', 13, 95, '15.00'),
(324, 'renta vitalicia familiar diferida con per. garantizado de 20 años (sobreviencia) - soles', 13, 95, '15.00'),
(325, 'renta vitalicia familiar diferida con per. garantizado de 25 años (sobreviencia) - dólares', 13, 95, '15.00'),
(326, 'renta vitalicia familiar diferida con per. garantizado de 25 años (sobreviencia) - soles', 13, 95, '15.00'),
(327, 'renta vitalicia familiar diferida con periodo garantizado - dólares', 15, 76, '0.00'),
(328, 'renta vitalicia familiar diferida con periodo garantizado - soles', 15, 76, '0.00'),
(329, 'renta vitalicia familiar diferida con período garantizado de pago de 10 años - dólares', 19, 76, '0.00'),
(330, 'renta vitalicia familiar diferida con período garantizado de pago de 10 años - soles', 19, 76, '0.00'),
(331, 'renta vitalicia familiar diferida con período garantizado de pago de 15 años - dólares', 19, 76, '0.00'),
(332, 'renta vitalicia familiar diferida con período garantizado de pago de 15 años - soles', 19, 76, '0.00'),
(333, 'renta vitalicia familiar diferida con período garantizado de pago de 5 años - dólares', 19, 76, '0.00'),
(334, 'renta vitalicia familiar diferida con período garantizado de pago de 5 años -soles', 19, 76, '0.00'),
(335, 'renta vitalicia familiar diferida con período garantizado de pago de 5, 10 y 15 años (sobrevivencia) - dólares', 13, 95, '15.00'),
(336, 'renta vitalicia familiar diferida con período garantizado de pago de 5, 10 y 15 años (sobrevivencia) - soles', 13, 95, '15.00'),
(337, 'renta vitalicia familiar diferida con periodo garantizado en dólares ajustados por jubilación', 19, 76, '0.00'),
(338, 'renta vitalicia familiar diferida con periodo garantizado en dólares americanos ajustados por invalidez', 19, 94, '0.00'),
(339, 'renta vitalicia familiar diferida con periodo garantizado en dólares americanos ajustados por sobrevivencia', 19, 95, '0.00'),
(340, 'renta vitalicia familiar diferida con periodo garantizado en nuevos soles ajustados por invalidez', 19, 94, '0.00'),
(341, 'renta vitalicia familiar diferida con periodo garantizado en nuevos soles ajustados por sobrevivencia', 19, 95, '0.00'),
(342, 'renta vitalicia familiar diferida con periodo garantizado en nuevos soles indexados por invalidez', 19, 94, '0.00'),
(343, 'renta vitalicia familiar diferida con periodo garantizado en nuevos soles indexados por sobrevivencia', 19, 95, '0.00'),
(344, 'renta vitalicia familiar diferida con periodo garantizado en soles ajustados por jubilación', 19, 76, '0.00'),
(345, 'renta vitalicia familiar diferida con periodo garantizado en soles indexados por jubilación', 19, 76, '0.00'),
(346, 'renta vitalicia familiar diferida de invalidez - dólares', 15, 94, '0.00'),
(347, 'renta vitalicia familiar diferida de invalidez - soles', 15, 94, '0.00'),
(348, 'renta vitalicia familiar diferida de invalidez con cobertura al 50%, 70% o 100% para el cónyuge o concubino - dólares', 15, 94, '0.00'),
(349, 'renta vitalicia familiar diferida de invalidez con cobertura al 50%, 70% o 100% para el cónyuge o concubino - soles', 15, 94, '0.00'),
(350, 'renta vitalicia familiar diferida de invalidez con período garantizado de pago - dólares', 15, 94, '0.00'),
(351, 'renta vitalicia familiar diferida de invalidez con período garantizado de pago - soles', 15, 94, '0.00'),
(352, 'renta vitalicia familiar diferida de invalidez- dólares ajustados', 6, 94, '0.00'),
(353, 'renta vitalicia familiar diferida de invalidez- soles ajustados', 6, 94, '0.00'),
(354, 'renta vitalicia familiar diferida de invalidez- soles indexados', 6, 94, '0.00'),
(355, 'renta vitalicia familiar diferida de jubilación- dólares ajustados', 6, 76, '0.00'),
(356, 'renta vitalicia familiar diferida de jubilación- soles ajustados', 6, 76, '0.00'),
(357, 'renta vitalicia familiar diferida de jubilación- soles indexados', 6, 76, '0.00'),
(358, 'renta vitalicia familiar diferida de sobrevivencia - dólares', 15, 95, '0.00'),
(359, 'renta vitalicia familiar diferida de sobrevivencia - soles', 15, 95, '0.00'),
(360, 'renta vitalicia familiar diferida de sobrevivencia con período garantizado - dólares', 15, 95, '0.00'),
(361, 'renta vitalicia familiar diferida de sobrevivencia con período garantizado - soles', 15, 95, '0.00'),
(362, 'renta vitalicia familiar diferida de sobrevivencia- dólares ajustados', 6, 95, '0.00'),
(363, 'renta vitalicia familiar diferida de sobrevivencia- soles ajustados', 6, 95, '0.00'),
(364, 'renta vitalicia familiar diferida de sobrevivencia- soles indexados', 6, 95, '0.00'),
(365, 'renta vitalicia familiar diferida en dólares americanos ajustados por invalidez (incluye clausula adicional de gratificación semestral)', 19, 94, '0.00'),
(366, 'renta vitalicia familiar diferida en dólares americanos ajustados por jubilación (incluye cláusula adicional de gratificación semestral)', 19, 76, '0.00'),
(367, 'renta vitalicia familiar diferida en dólares americanos ajustados por sobrevivencia (clausula adicional gratificacion semestral)', 19, 95, '0.00'),
(368, 'renta vitalicia familiar diferida en nuevos soles ajustados por invalidez (clausula adicional gratificacion semestral)', 19, 94, '0.00'),
(369, 'renta vitalicia familiar diferida en nuevos soles ajustados por jubilación (incluye cláusula de gratificación semestral)', 19, 76, '0.00'),
(370, 'renta vitalicia familiar diferida en nuevos soles ajustados por sobrevivencia (clausula adicional gratificacion semestral)', 19, 95, '0.00'),
(371, 'renta vitalicia familiar diferida en nuevos soles indexados por invalidez (clausula adicional gratificacion semestral)', 19, 94, '0.00'),
(372, 'renta vitalicia familiar diferida en nuevos soles indexados por jubilación (incluye cláusula adicional de gratificación semestral)', 19, 76, '0.00'),
(373, 'renta vitalicia familiar diferida en nuevos soles indexados por sobrevivencia (clausula adicional gratificacion semestral)', 19, 95, '0.00'),
(374, 'renta vitalicia familiar diferida para la pensión de jubilación - dólares', 10, 76, '0.00'),
(375, 'renta vitalicia familiar diferida para la pensión de jubilación - soles', 10, 76, '0.00'),
(376, 'renta vitalicia familiar diferida para la pensión de jubilación con cláusula adicional de renta garantizada - dólares', 10, 76, '0.00'),
(377, 'renta vitalicia familiar diferida para la pensión de jubilación con cláusula adicional de renta garantizada - soles', 10, 76, '0.00'),
(378, 'renta vitalicia familiar diferida para la pensión de jubilación con cobertura al (50, 70 ó 100)% para cónyuge - dólares', 10, 76, '0.00'),
(379, 'renta vitalicia familiar diferida para pensión de jubilación con cobertura al (50, 70 ó 100)% para cónyuge - soles', 10, 76, '0.00'),
(380, 'renta vitalicia familiar diferida por invalidez - dólares', 19, 94, '0.00'),
(381, 'renta vitalicia familiar diferida por invalidez - dólares', 10, 76, '0.00'),
(382, 'renta vitalicia familiar diferida por invalidez - soles', 19, 94, '0.00'),
(383, 'renta vitalicia familiar diferida por invalidez - soles', 10, 76, '0.00'),
(384, 'renta vitalicia familiar diferida por invalidez con cláusula adicional de renta garantizada - dólares', 10, 76, '0.00'),
(385, 'renta vitalicia familiar diferida por invalidez con cláusula adicional de renta garantizada - soles', 10, 76, '0.00'),
(386, 'renta vitalicia familiar diferida por invalidez con cobertura al (50, 70 ó 100)% para cónyuge - dólares', 10, 76, '0.00'),
(387, 'renta vitalicia familiar diferida por invalidez con cobertura al (50, 70 ó 100)% para cónyuge - soles', 10, 76, '0.00'),
(388, 'renta vitalicia familiar diferida por invalidez con período garantizado de 10 años - dólares', 19, 94, '0.00'),
(389, 'renta vitalicia familiar diferida por invalidez con período garantizado de 10 años - soles', 19, 94, '0.00'),
(390, 'renta vitalicia familiar diferida por invalidez con período garantizado de 15 años - dólares', 19, 94, '0.00'),
(391, 'renta vitalicia familiar diferida por invalidez con período garantizado de 15 años - soles', 19, 94, '0.00'),
(392, 'renta vitalicia familiar diferida por invalidez con período garantizado de 5 años - dólares', 19, 94, '0.00'),
(393, 'renta vitalicia familiar diferida por invalidez con período garantizado de 5 años - soles', 19, 94, '0.00'),
(394, 'renta vitalicia familiar diferida por sobrevivencia - dólares', 19, 95, '0.00'),
(395, 'renta vitalicia familiar diferida por sobrevivencia - dólares', 10, 76, '0.00'),
(396, 'renta vitalicia familiar diferida por sobrevivencia - dólares', 13, 95, '15.00'),
(397, 'renta vitalicia familiar diferida por sobrevivencia - soles', 19, 95, '0.00'),
(398, 'renta vitalicia familiar diferida por sobrevivencia - soles', 10, 76, '0.00'),
(399, 'renta vitalicia familiar diferida por sobrevivencia - soles', 13, 95, '15.00'),
(400, 'renta vitalicia familiar diferida por sobrevivencia con cláusula adicional de renta garantizada - dólares', 10, 76, '0.00'),
(401, 'renta vitalicia familiar diferida por sobrevivencia con cláusula adicional de renta garantizada - soles', 10, 76, '0.00'),
(402, 'renta vitalicia familiar diferida por sobrevivencia con período garantizado de 10 años - dólares', 19, 95, '0.00'),
(403, 'renta vitalicia familiar diferida por sobrevivencia con período garantizado de 10 años - soles', 19, 95, '0.00'),
(404, 'renta vitalicia familiar diferida por sobrevivencia con período garantizado de 15 años - dólares', 19, 95, '0.00'),
(405, 'renta vitalicia familiar diferida por sobrevivencia con período garantizado de 15 años - soles', 19, 95, '0.00'),
(406, 'renta vitalicia familiar diferida por sobrevivencia con período garantizado de 5 años - dólares', 19, 95, '0.00'),
(407, 'renta vitalicia familiar diferida por sobrevivencia con período garantizado de 5 años - soles', 19, 95, '0.00'),
(408, 'renta vitalicia familiar inmediarta en nuevos soles indexados por sobrevivencia (clausula adicional gratificacion semestral)', 19, 95, '0.00'),
(409, 'renta vitalicia familiar inmediata - dólares', 13, 76, '15.00'),
(410, 'renta vitalicia familiar inmediata - dólares', 15, 76, '0.00'),
(411, 'renta vitalicia familiar inmediata - soles', 13, 76, '15.00'),
(412, 'renta vitalicia familiar inmediata - soles', 15, 76, '0.00'),
(413, 'renta vitalicia familiar inmediata con cobertura al 100% para el cónyuge sobreviviente como único beneficiario - dólares', 15, 76, '0.00'),
(414, 'renta vitalicia familiar inmediata con cobertura al 100% para el cónyuge sobreviviente como único beneficiario - soles', 15, 76, '0.00'),
(415, 'renta vitalicia familiar inmediata con cobertura al 70% para el cónyuge sobreviviente como único beneficiario - dólares', 15, 76, '0.00'),
(416, 'renta vitalicia familiar inmediata con cobertura al 70% para el cónyuge sobreviviente como único beneficiario - soles', 15, 76, '0.00'),
(417, 'renta vitalicia familiar inmediata con pensión total al 70% para el cónyuge - dólares', 13, 76, '15.00'),
(418, 'renta vitalicia familiar inmediata con pensión total al 70% para el cónyuge - soles', 13, 76, '15.00'),
(419, 'renta vitalicia familiar inmediata con pensión total para la cónyuge - soles', 13, 76, '15.00'),
(420, 'renta vitalicia familiar inmediata con pensión total para la cónyuge- dólares', 13, 76, '15.00'),
(421, 'renta vitalicia familiar inmediata con per. garantizado de 20 años (sobreviencia) - dólares', 13, 95, '15.00'),
(422, 'renta vitalicia familiar inmediata con per. garantizado de 20 años (sobreviencia) - soles', 13, 95, '15.00'),
(423, 'renta vitalicia familiar inmediata con per. garantizado de 25 años (sobreviencia) - dólares', 13, 95, '15.00'),
(424, 'renta vitalicia familiar inmediata con per. garantizado de 25 años (sobreviencia) - soles', 13, 95, '15.00'),
(425, 'renta vitalicia familiar inmediata con periodo garantizado - dólares', 13, 76, '15.00'),
(426, 'renta vitalicia familiar inmediata con periodo garantizado - dólares', 15, 76, '0.00'),
(427, 'renta vitalicia familiar inmediata con periodo garantizado - soles', 13, 76, '15.00'),
(428, 'renta vitalicia familiar inmediata con periodo garantizado - soles', 15, 76, '0.00'),
(429, 'renta vitalicia familiar inmediata con período garantizado de pago de 5, 10 y 15 años (sobrevivencia) - dólares', 13, 95, '15.00'),
(430, 'renta vitalicia familiar inmediata con período garantizado de pago de 5, 10 y 15 años (sobrevivencia) - soles', 13, 95, '15.00'),
(431, 'renta vitalicia familiar inmediata con periodo garantizado en dólares ajustados por jubilación', 19, 76, '0.00'),
(432, 'renta vitalicia familiar inmediata con periodo garantizado en dólares americanos ajustados por invalidez', 19, 94, '0.00'),
(433, 'renta vitalicia familiar inmediata con periodo garantizado en dólares americanos ajustados por sobrevivencia', 19, 95, '0.00'),
(434, 'renta vitalicia familiar inmediata con periodo garantizado en nuevos soles ajustados por invalidez', 19, 94, '0.00'),
(435, 'renta vitalicia familiar inmediata con periodo garantizado en nuevos soles ajustados por sobrevivencia', 19, 95, '0.00'),
(436, 'renta vitalicia familiar inmediata con periodo garantizado en nuevos soles indexados por invalidez', 19, 94, '0.00'),
(437, 'renta vitalicia familiar inmediata con periodo garantizado en nuevos soles indexados por sobrevivencia', 19, 95, '0.00'),
(438, 'renta vitalicia familiar inmediata con periodo garantizado en soles ajustados por jubilación', 19, 76, '0.00'),
(439, 'renta vitalicia familiar inmediata con periodo garantizado en soles indexados por jubilación', 19, 76, '0.00'),
(440, 'renta vitalicia familiar inmediata de invalidez - dólares', 15, 94, '0.00'),
(441, 'renta vitalicia familiar inmediata de invalidez - soles', 15, 94, '0.00'),
(442, 'renta vitalicia familiar inmediata de invalidez con cobertura al 50%, 70% o 100% para el cónyuge o concubino - dólares', 15, 94, '0.00'),
(443, 'renta vitalicia familiar inmediata de invalidez con cobertura al 50%, 70% o 100% para el cónyuge o concubino - soles', 15, 94, '0.00'),
(444, 'renta vitalicia familiar inmediata de invalidez con período garantizado - dólares', 15, 94, '0.00'),
(445, 'renta vitalicia familiar inmediata de invalidez con período garantizado - soles', 15, 94, '0.00'),
(446, 'renta vitalicia familiar inmediata de jubilación - dólares', 19, 76, '0.00'),
(447, 'renta vitalicia familiar inmediata de jubilación - soles', 19, 76, '0.00'),
(448, 'renta vitalicia familiar inmediata de jubilación con período garantizado de 10 años - dólares', 19, 76, '0.00'),
(449, 'renta vitalicia familiar inmediata de jubilación con período garantizado de 10 años - soles', 19, 76, '0.00'),
(450, 'renta vitalicia familiar inmediata de jubilación con período garantizado de 15 años - dólares', 19, 76, '0.00'),
(451, 'renta vitalicia familiar inmediata de jubilación con período garantizado de 15 años - soles', 19, 76, '0.00'),
(452, 'renta vitalicia familiar inmediata de jubilación con período garantizado de 5 años - dólares', 19, 76, '0.00'),
(453, 'renta vitalicia familiar inmediata de jubilación con período garantizado de 5 años - soles', 19, 76, '0.00'),
(454, 'renta vitalicia familiar inmediata de sobrevivencia - dólares', 15, 95, '0.00'),
(455, 'renta vitalicia familiar inmediata de sobrevivencia - soles', 15, 95, '0.00'),
(456, 'renta vitalicia familiar inmediata de sobrevivencia con período garantizado - dólares', 15, 95, '0.00'),
(457, 'renta vitalicia familiar inmediata de sobrevivencia con período garantizado - soles', 15, 95, '0.00'),
(458, 'renta vitalicia familiar inmediata en dólares americanos ajustados por jubilación (incluye cláusula adicional de gratificación semestral)', 19, 76, '0.00'),
(459, 'renta vitalicia familiar inmediata en dólares americanos ajustados por sobrevivencia (clausula adicional gratificacion semestral)', 19, 95, '0.00'),
(460, 'renta vitalicia familiar inmediata en nuevos soles ajustados por jubilación (incluye cláusula adicional de gratificación semestral)', 19, 76, '0.00'),
(461, 'renta vitalicia familiar inmediata en nuevos soles ajustados por sobrevivencia (clausula adicional gratificacion semestral)', 19, 95, '0.00'),
(462, 'renta vitalicia familiar inmediata en nuevos soles indexados por invalidez (clausula adicional gratificacion semestral)', 19, 94, '0.00'),
(463, 'renta vitalicia familiar inmediata en nuevos soles indexados por jubilación (incluye cláusula adicional de gratificación semestral)', 19, 76, '0.00'),
(464, 'renta vitalicia familiar inmediata para la pensión de jubilación - dólares', 10, 76, '0.00'),
(465, 'renta vitalicia familiar inmediata para la pensión de jubilación - soles', 10, 76, '0.00'),
(466, 'renta vitalicia familiar inmediata para la pensión de jubilación con cláusula adicional de renta garantizada - dólares', 10, 76, '0.00'),
(467, 'renta vitalicia familiar inmediata para la pensión de jubilación con cláusula adicional de renta garantizada - soles', 10, 76, '0.00'),
(468, 'renta vitalicia familiar inmediata para la pensión de jubilación con cobertura al (50, 70 ó 100)% para cónyuge - dólares', 10, 76, '0.00'),
(469, 'renta vitalicia familiar inmediata para pensión de jubilación con cobertura al (50, 70 ó 100)% para el cónyuge - soles', 10, 76, '0.00'),
(470, 'renta vitalicia familiar inmediata por invalidez - dólares', 19, 94, '0.00'),
(471, 'renta vitalicia familiar inmediata por invalidez - dólares', 10, 76, '0.00'),
(472, 'renta vitalicia familiar inmediata por invalidez - soles', 19, 94, '0.00'),
(473, 'renta vitalicia familiar inmediata por invalidez - soles', 10, 76, '0.00'),
(474, 'renta vitalicia familiar inmediata por invalidez con cláusula adicional de renta garantizada - dólares', 10, 76, '0.00'),
(475, 'renta vitalicia familiar inmediata por invalidez con cláusula adicional de renta garantizada - soles', 10, 76, '0.00'),
(476, 'renta vitalicia familiar inmediata por invalidez con cobertura al (50, 70 ó 100)% para cónyuge - dólares', 10, 76, '0.00'),
(477, 'renta vitalicia familiar inmediata por invalidez con cobertura al (50, 70 ó 100)% para cónyuge - soles', 10, 76, '0.00'),
(478, 'renta vitalicia familiar inmediata por sobrevivencia - dólares', 19, 95, '0.00'),
(479, 'renta vitalicia familiar inmediata por sobrevivencia - dólares', 10, 76, '0.00'),
(480, 'renta vitalicia familiar inmediata por sobrevivencia - dólares', 13, 95, '15.00'),
(481, 'renta vitalicia familiar inmediata por sobrevivencia - soles', 19, 95, '0.00'),
(482, 'renta vitalicia familiar inmediata por sobrevivencia - soles', 10, 76, '0.00'),
(483, 'renta vitalicia familiar inmediata por sobrevivencia - soles', 13, 95, '15.00'),
(484, 'renta vitalicia familiar inmediata por sobrevivencia con cláusula adicional de renta garantizada - dólares', 10, 76, '0.00'),
(485, 'renta vitalicia familiar inmediata por sobrevivencia con cláusula adicional de renta garantizada - soles', 10, 76, '0.00'),
(486, 'renta vitalicia inmediata con cobertura del 50% para cónyuge - dólares', 19, 76, '0.00'),
(487, 'renta vitalicia inmediata con cobertura del 50% para cónyuge - soles', 19, 76, '0.00'),
(488, 'renta vitalicia inmediata con cobertura del 70% para cónyuge - dólares', 19, 76, '0.00'),
(489, 'renta vitalicia inmediata con cobertura del 70% para cónyuge - soles', 19, 76, '0.00'),
(490, 'renta vitalicia inmediata con cobertura total (100%) para cónyuge - dólares', 19, 76, '0.00'),
(491, 'renta vitalicia inmediata con cobertura total (100%) para cónyuge - soles', 19, 76, '0.00'),
(492, 'renta vitalicia inmediata por invalidez con período garantizado de 10 años - dólares', 19, 94, '0.00'),
(493, 'renta vitalicia inmediata por invalidez con período garantizado de 10 años - soles', 19, 94, '0.00'),
(494, 'renta vitalicia inmediata por invalidez con período garantizado de 15 años - dólares', 19, 94, '0.00'),
(495, 'renta vitalicia inmediata por invalidez con período garantizado de 15 años - soles', 19, 94, '0.00'),
(496, 'renta vitalicia inmediata por invalidez con período garantizado de 5 años - dólares', 19, 94, '0.00'),
(497, 'renta vitalicia inmediata por invalidez con período garantizado de 5 años - soles', 19, 94, '0.00'),
(498, 'renta vitalicia inmediata por sobrevivencia con período garantizado de 10 años - dólares', 19, 95, '0.00'),
(499, 'renta vitalicia inmediata por sobrevivencia con período garantizado de 10 años - soles', 19, 95, '0.00'),
(500, 'renta vitalicia inmediata por sobrevivencia con período garantizado de 15 años - dólares', 19, 95, '0.00'),
(501, 'renta vitalicia inmediata por sobrevivencia con período garantizado de 15 años - soles', 19, 95, '0.00'),
(502, 'renta vitalicia inmediata por sobrevivencia con período garantizado de 5 años - dólares', 19, 95, '0.00'),
(503, 'renta vitalicia inmediata por sobrevivencia con período garantizado de 5 años - soles', 19, 95, '0.00'),
(504, 'renta vitalicia privada', 15, 75, '0.00'),
(505, 'renta vitalicia privada familiar inmediata', 15, 75, '0.00'),
(506, 'respaldo efectivo oncológico', 19, 64, '0.00'),
(507, 'respaldo infarto al corazón', 19, 64, '0.00'),
(508, 'respaldo oncológico ponle corazón', 19, 64, '0.00'),
(509, 'responsabilidad civil', 15, 53, '0.00'),
(510, 'responsabilidad civil para directores y administradores', 19, 53, '0.00'),
(511, 'responsabilidad civil profesional para entidades financieras - dólares', 15, 53, '0.00'),
(512, 'retiro protegido', 19, 41, '0.00'),
(513, 'retiro protegido banco azteca', 19, 41, '0.00'),
(514, 'rotura de maquinaria', 15, 33, '0.00'),
(515, 'salud a tu alcance', 19, 64, '0.00'),
(516, 'salud con bbva', 19, 64, '0.00'),
(517, 'salud de oro (seguro médico)', 19, 64, '0.00'),
(518, 'salud red médica ( seguro médico ) - dólares, (antes red salud)', 19, 64, '0.00'),
(519, 'salud red privada', 19, 64, '0.00'),
(520, 'scotia-onco', 9, 64, '0.00'),
(521, 'segatep - soles', 10, 77, '0.00'),
(522, 'seguro 3 - d, deshonestidad, desaparición y destrucción - soles', 9, 45, '0.00'),
(523, 'seguro 3 - d, deshonestidad, desaparición y destrucción.', 9, 45, '0.00'),
(524, 'seguro accidentes devolución total', 15, 61, '0.00'),
(525, 'seguro accidentes personales teleticket - soles y dólares', 19, 61, '0.00'),
(526, 'seguro agrario catastrofico para cultivos básicos, frutas, hortalizas y forrajes', 19, 58, '0.00'),
(527, 'seguro agrario catastrófico para cultivos de básicos, frutales, hortalizas y forrajes \"agricultor seguro\" - soles', 12, 58, '15.00'),
(528, 'seguro agrario catastrófico para cultivos de básicos, frutales, hortalizas y forrajes-soles', 9, 58, '0.00'),
(529, 'seguro agrícola', 9, 58, '0.00'),
(530, 'seguro agrícola comercial', 12, 58, '15.00'),
(531, 'seguro blindado de tarjetas - dólares', 15, 41, '0.00'),
(532, 'seguro colectivo (seguro médico)// seguro de salud grupal// seguro de salud grupal- empresas// seguro de asistencia médica grupal', 15, 64, '0.00'),
(533, 'seguro colectivo de auxilio médico', 15, 64, '0.00'),
(534, 'seguro colectivo de emergencia de salud', 15, 64, '0.00'),
(535, 'seguro colectivo de garantía extendida para dispositivos de comunicación - soles y dólares', 15, 57, '0.00'),
(536, 'seguro colectivo del hogar - soles y dólares', 15, 52, '0.00'),
(537, 'seguro colectivo multiriesgo para garantías inmobiliarias - soles y dólares', 15, 57, '0.00'),
(538, 'seguro colectivo oncológico oncomedic - soles y dólares', 15, 64, '0.00'),
(539, 'seguro complementario de trabajo de riesgo', 6, 77, '0.00'),
(540, 'seguro complementario de trabajo de riesgo - dólares', 15, 77, '0.00'),
(541, 'seguro complementario de trabajo de riesgo - pensiones', 16, 77, '0.00'),
(542, 'seguro complementario de trabajo de riesgo - sctr', 10, 77, '0.00'),
(543, 'seguro complementario de trabajo de riesgo - soles', 13, 77, '15.00'),
(544, 'seguro complementario de trabajo de riesgo - soles', 15, 77, '0.00'),
(545, 'seguro complementario de trabajo de riesgo (s.c.t.r.) - dólares', 19, 77, '0.00'),
(546, 'seguro complementario de trabajo de riesgo (s.c.t.r.) - soles', 19, 77, '0.00'),
(547, 'seguro contra accidentes personales a plazo fijo - soles', 19, 61, '0.00'),
(548, 'seguro contra accidentes personales para estudiantes - dólares y soles', 19, 63, '0.00'),
(549, 'seguro contra accidentes personales y asistencia// seguro contra accidentes personales y asistencias bbva.', 19, 61, '0.00'),
(550, 'seguro contra deshonestidad forma comprensiva, tipo descubrimiento - dólares', 19, 44, '0.00'),
(551, 'seguro contra deshonestidad forma comprensiva, tipo descubrimiento - soles', 19, 44, '0.00'),
(552, 'seguro contra deshonestidad forma comprensiva, tipo ocurrencia - dólares', 19, 44, '0.00'),
(553, 'seguro contra deshonestidad forma comprensiva, tipo ocurrencia - soles', 19, 44, '0.00'),
(554, 'seguro contra deshonestidad forma nominativa tipo ocurrencia - dólares', 19, 44, '0.00'),
(555, 'seguro contra deshonestidad forma nominativa tipo ocurrencia - soles', 19, 44, '0.00'),
(556, 'seguro contra deshonestidad forma por cargos, tipo ocurrencia - dólares', 19, 44, '0.00'),
(557, 'seguro contra deshonestidad forma por cargos, tipo ocurrencia - soles', 19, 44, '0.00'),
(558, 'seguro contra deshonestidad frente a la empresa - dólares', 12, 44, '15.00'),
(559, 'seguro contra deshonestidad frente a la empresa forma nominátiva', 15, 44, '0.00'),
(560, 'seguro contra deshonestidad frente a la empresa forma por cargos', 15, 44, '0.00'),
(561, 'seguro contra deshonestidad, desaparición y destrucción (3d) - dólares', 12, 45, '15.00'),
(562, 'seguro contra deshonestidad, desaparición y destrucción forma descubrimiento - dólares', 19, 45, '0.00'),
(563, 'seguro contra deshonestidad, desaparición y destrucción forma descubrimiento - soles', 19, 45, '0.00'),
(564, 'seguro contra deshonestidad, desaparición y destrucción forma ocurrencia - dólares', 19, 45, '0.00'),
(565, 'seguro contra deshonestidad, desaparición y destrucción forma ocurrencia - soles', 19, 45, '0.00'),
(566, 'seguro contra incendio y/o rayo (seguro de incendio) - dólares y soles', 12, 1, '15.00'),
(567, 'seguro contra incendio y/o rayo (seguro de incendio) - soles', 12, 1, '15.00'),
(568, 'seguro contra responsabilidad civil extracontractual - dólares', 12, 53, '15.00'),
(569, 'seguro contra responsabilidad civil extracontractual - soles', 12, 53, '15.00'),
(570, 'seguro contra riesgos de montaje - dólares', 12, 35, '15.00'),
(571, 'seguro contra riesgos de montaje - soles', 12, 35, '15.00'),
(572, 'seguro contra robo - dólares', 19, 41, '0.00'),
(573, 'seguro contra robo - soles', 19, 41, '0.00'),
(574, 'seguro contra robo y/o asalto', 12, 41, '15.00'),
(575, 'seguro contra rotura de maquinaria - dólares', 12, 33, '15.00'),
(576, 'seguro contra todo riesgo de equipo electrónico - dólares', 12, 36, '15.00'),
(577, 'seguro contra todo riesgo equipo y maquinaria de construcción - dólares', 12, 37, '15.00'),
(578, 'seguro contra todo riesgo para contratistas - dólares', 12, 31, '15.00'),
(579, 'seguro contra todo riesgo para contratistas - soles', 12, 31, '15.00'),
(580, 'seguro cuota protegida', 9, 57, '0.00'),
(581, 'seguro de accidentes con devolución', 19, 61, '0.00'),
(582, 'seguro de accidentes con devolución plus bcp', 15, 61, '0.00'),
(583, 'seguro de accidentes con gastos de curación', 15, 61, '0.00'),
(584, 'seguro de accidentes con renta hospitalaria', 15, 61, '0.00'),
(585, 'seguro de accidentes de tránsito transit, (antes seguro de accidentes personales transit) - dólares', 15, 61, '0.00'),
(586, 'seguro de accidentes e invalidez en transporte público', 9, 61, '0.00'),
(587, 'seguro de accidentes estudiantil - soles y dólares', 15, 61, '0.00'),
(588, 'seguro de accidentes frontera tacna', 10, 61, '0.00'),
(589, 'seguro de accidentes grupal - soles y dólares', 15, 61, '0.00'),
(590, 'seguro de accidentes individuales // seguro accidentes niños y jovenes', 19, 61, '0.00'),
(591, 'seguro de accidentes individuales y/o familiares - soles', 15, 61, '0.00'),
(592, 'seguro de accidentes para niños y jóvenes', 19, 61, '0.00'),
(593, 'seguro de accidentes personales', 10, 61, '0.00'),
(594, 'seguro de accidentes personales', 6, 61, '0.00'),
(595, 'seguro de accidentes personales', 16, 61, '0.00'),
(596, 'seguro de accidentes personales - dólares', 9, 61, '0.00'),
(597, 'seguro de accidentes personales - dólares', 16, 61, '0.00'),
(598, 'seguro de accidentes personales - soles', 9, 61, '0.00'),
(599, 'seguro de accidentes personales \"plan familiar\" - dólaresseguro de accidentes personales \"plan familiar\" - dólares', 19, 61, '0.00'),
(600, 'seguro de accidentes personales carsa y seguro de accidentes personales la curacao - soles// seguro de accidentes personales carsa', 19, 61, '0.00'),
(601, 'seguro de accidentes personales cnt - soles y dólares', 19, 61, '0.00'),
(602, 'seguro de accidentes personales con asistencia en viaje para turismo', 13, 61, '15.00'),
(603, 'seguro de accidentes personales con indemnización adicional por accidente en transporte público - dólares', 15, 61, '0.00'),
(604, 'seguro de accidentes personales en grupo', 10, 61, '0.00'),
(605, 'seguro de accidentes personales individuales - dólares', 19, 61, '0.00'),
(606, 'seguro de accidentes personales mibanco - soles', 16, 61, '0.00'),
(607, 'seguro de accidentes personales protección 24 - dólares', 15, 61, '0.00'),
(608, 'seguro de accidentes personales protección oro - soles', 10, 61, '0.00'),
(609, 'seguro de asistencia al viajero - dólares', 9, 61, '0.00'),
(610, 'seguro de asistencia médica familiar del programa credisalud - soles y dólares/seguro de asistencia médica familiar credisalud', 9, 64, '0.00'),
(611, 'seguro de asistencia médica familiar del programa mundisalud - soles y dólares', 9, 64, '0.00');
INSERT INTO `t_productos_empresas_seguros` (`id`, `nombre`, `id_empresas_seguro`, `id_ramo`, `comision`) VALUES
(612, 'seguro de asistencia médica internacional previsor plan a', 12, 64, '15.00'),
(613, 'seguro de asistencia médica internacional previsor plan d', 12, 64, '15.00'),
(614, 'seguro de asistencia médica mapfre chiclayo plus - soles', 12, 64, '15.00'),
(615, 'seguro de asistencia médica nacional hospitalario - soles', 12, 64, '15.00'),
(616, 'seguro de asistencia médica salud preferencial - dólares y soles', 19, 64, '0.00'),
(617, 'seguro de asistencia médica salud red médica hospitalaria - dólares y soles', 19, 64, '0.00'),
(618, 'seguro de asistencia médica sumar salud', 12, 64, '15.00'),
(619, 'seguro de asistencia médica sumar salud plus', 12, 64, '15.00'),
(620, 'seguro de automóviles', 15, 21, '0.00'),
(621, 'seguro de autos asistencia vehicular', 15, 21, '0.00'),
(622, 'seguro de autos completo', 15, 21, '0.00'),
(623, 'seguro de autos daños a terceros', 15, 21, '0.00'),
(624, 'seguro de autos robo total', 15, 21, '0.00'),
(625, 'seguro de autos simple/ seguro de autos choque y robo/ seguro de autos solo choque y robo', 15, 21, '0.00'),
(626, 'seguro de autos todo riesgo', 15, 21, '0.00'),
(627, 'seguro de autos todo riesgo-dólares', 15, 21, '0.00'),
(628, 'seguro de aviación', 9, 18, '0.00'),
(629, 'seguro de aviación - dólares', 12, 18, '15.00'),
(630, 'seguro de cascos', 9, 15, '0.00'),
(631, 'seguro de cascos no pesqueros', 15, 15, '0.00'),
(632, 'seguro de cascos pesqueros', 15, 15, '0.00'),
(633, 'seguro de caución para contratos de obras, servicios y suministros', 6, 54, '0.00'),
(634, 'seguro de cauciones obras privadas - dólares', 19, 54, '0.00'),
(635, 'seguro de cauciones obras privadas - soles', 19, 54, '0.00'),
(636, 'seguro de cauciones obras públicas - dólares', 19, 54, '0.00'),
(637, 'seguro de cauciones obras públicas - soles', 19, 54, '0.00'),
(638, 'seguro de cauciones para contratos entre privados', 6, 54, '0.00'),
(639, 'seguro de cauciones para garantías aduaneras', 9, 54, '0.00'),
(640, 'seguro de cauciones para garantías de obras públicas', 9, 54, '0.00'),
(641, 'seguro de cauciones para operaciones tributarias y aduaneras', 6, 54, '0.00'),
(642, 'seguro de cauciones para operadores de salas de maquinas tragamonedas y/o salas de casino', 9, 54, '0.00'),
(643, 'seguro de crédito interno', 12, 55, '15.00'),
(644, 'seguro de crédtio a la exportación', 12, 56, '15.00'),
(645, 'seguro de cuota protegida', 12, 59, '15.00'),
(646, 'seguro de desempleo', 9, 57, '0.00'),
(647, 'seguro de desempleo e incapacidad total temporal', 6, 59, '0.00'),
(648, 'seguro de desempleo involuntario e incapacidad temporal bbva banco continental - dólares', 19, 59, '0.00'),
(649, 'seguro de desempleo involuntario e incapacidad temporal bbva banco continental - soles', 19, 59, '0.00'),
(650, 'seguro de desempleo involuntario o incapacidad temporal por accidente y /o enfermedad - soles y dólares', 15, 57, '0.00'),
(651, 'seguro de desempleo, incapacidad y hospitalización', 9, 57, '0.00'),
(652, 'seguro de desempleo, incapacidad y hospitalización - soles', 9, 57, '0.00'),
(653, 'seguro de desgravamen', 13, 74, '15.00'),
(654, 'seguro de desgravamen', 13, 74, '15.00'),
(655, 'seguro de desgravamen - dólares', 16, 74, '0.00'),
(656, 'seguro de desgravamen - dólares', 15, 74, '0.00'),
(657, 'seguro de desgravamen - soles', 15, 74, '0.00'),
(658, 'seguro de desgravamen - soles', 16, 74, '0.00'),
(659, 'seguro de desgravamen (seguro de vida) - soles y dólares', 10, 74, '0.00'),
(660, 'seguro de desgravamen de crédito para préstamos personales y con garantía prendaria - dólares', 13, 74, '15.00'),
(661, 'seguro de desgravamen de crédito para préstamos personales y con garantía prendaria - soles', 13, 74, '15.00'),
(662, 'seguro de desgravamen de créditos individual - soles y dólares', 19, 74, '0.00'),
(663, 'seguro de desgravamen en grupo - soles y dólares', 10, 74, '0.00'),
(664, 'seguro de desgravamen individual', 15, 74, '0.00'),
(665, 'seguro de desgravamen individual - soles', 10, 74, '0.00'),
(666, 'seguro de desgravamen individual i', 15, 74, '0.00'),
(667, 'seguro de desgravamen individual ii', 15, 74, '0.00'),
(668, 'seguro de desgravamen individual- prima mensual', 10, 74, '0.00'),
(669, 'seguro de desgravamen mibanco - dólares', 16, 74, '0.00'),
(670, 'seguro de desgravamen mibanco - soles', 16, 74, '0.00'),
(671, 'seguro de desgravamen mibanco plus - soles y dólares', 16, 74, '0.00'),
(672, 'seguro de desgravamen plus', 15, 74, '0.00'),
(673, 'seguro de desgravamen prima única - soles', 15, 74, '0.00'),
(674, 'seguro de desgravamen tarjeta de crédito', 19, 74, '0.00'),
(675, 'seguro de desgravamen vida', 15, 74, '0.00'),
(676, 'seguro de deshonestidad de empleados', 9, 44, '0.00'),
(677, 'seguro de deshonestidad de empleados - soles', 9, 44, '0.00'),
(678, 'seguro de embarcaciones - dólares', 12, 15, '15.00'),
(679, 'seguro de emergencias de salud, soles y dólares', 15, 64, '0.00'),
(680, 'seguro de equipo electrónico', 9, 36, '0.00'),
(681, 'seguro de equipo electrónico - dólares', 19, 36, '0.00'),
(682, 'seguro de equipo electrónico - soles', 19, 36, '0.00'),
(683, 'seguro de equipo electrónico (todo riesgo equipo electrónico) - dólares', 19, 36, '0.00'),
(684, 'seguro de equipo y maquinaria de contratistas', 9, 37, '0.00'),
(685, 'seguro de equipo y maquinaria de contratistas - dólares', 19, 37, '0.00'),
(686, 'seguro de equipo y maquinaria de contratistas - soles', 9, 37, '0.00'),
(687, 'seguro de equipo y maquinaria de contratistas - soles', 19, 37, '0.00'),
(688, 'seguro de extensión de garantía', 15, 57, '0.00'),
(689, 'seguro de formación laboral (seguro médico) - dólares', 19, 64, '0.00'),
(690, 'seguro de garantía extendida', 12, 59, '15.00'),
(691, 'seguro de garantía extendida - dólares', 9, 59, '0.00'),
(692, 'seguro de garantía extendida - soles', 9, 59, '0.00'),
(693, 'seguro de garantía extendida para dispositivos de comunicación', 9, 59, '0.00'),
(694, 'seguro de hogar flex - soles y dólares', 15, 52, '0.00'),
(695, 'seguro de hogar flex digital', 15, 52, '0.00'),
(696, 'seguro de hogar hipotecario individual // seguro de incendio a todo riesgo para garantías hipotecarias.', 15, 57, '0.00'),
(697, 'seguro de incendio - protección negocio', 15, 2, '0.00'),
(698, 'seguro de incendio a riesgo nombrado', 9, 1, '0.00'),
(699, 'seguro de incendio a riesgo nombrado - dólares', 9, 1, '0.00'),
(700, 'seguro de incendio de todo riesgo (seguro de incendio)', 9, 1, '0.00'),
(701, 'seguro de incendio de todo riesgo (seguro de incendio) - dólares', 9, 1, '0.00'),
(702, 'seguro de incendio y/o rayo - dólares', 19, 1, '0.00'),
(703, 'seguro de incendio y/o rayo - soles', 19, 1, '0.00'),
(704, 'seguro de indemnización por diagnóstico de cáncer - soles', 9, 64, '0.00'),
(705, 'seguro de invalidez por accidente', 6, 61, '0.00'),
(706, 'seguro de la mujer - soles y dólares', 10, 80, '0.00'),
(707, 'seguro de lucro cesante', 9, 4, '0.00'),
(708, 'seguro de lucro cesante - dólares', 19, 4, '0.00'),
(709, 'seguro de lucro cesante - soles', 19, 4, '0.00'),
(710, 'seguro de mascotas', 9, 59, '0.00'),
(711, 'seguro de montaje - dólares', 19, 35, '0.00'),
(712, 'seguro de montaje - soles', 19, 35, '0.00'),
(713, 'seguro de montaje contra todo riesgo', 9, 35, '0.00'),
(714, 'seguro de montaje contra todo riesgo - soles', 9, 35, '0.00'),
(715, 'seguro de motos', 12, 21, '15.00'),
(716, 'seguro de muerte de planta', 9, 58, '0.00'),
(717, 'seguro de naves no pesqueras - dólares', 19, 15, '0.00'),
(718, 'seguro de naves no pesqueras - soles', 19, 15, '0.00'),
(719, 'seguro de naves pesqueras - dólares', 19, 15, '0.00'),
(720, 'seguro de naves pesqueras - soles', 19, 15, '0.00'),
(721, 'seguro de pérdida de beneficios por rotura de maquinaria', 9, 34, '0.00'),
(722, 'seguro de protección de pagos', 6, 59, '0.00'),
(723, 'seguro de protección de tarjeta bbva banco continental - dólares // protección de tarjeta credinka // protección de tarjeta diners', 19, 41, '0.00'),
(724, 'seguro de protección de tarjeta del banco financiero del perú - soles', 19, 41, '0.00'),
(725, 'seguro de protección de tarjeta diners hiraoka', 19, 41, '0.00'),
(726, 'seguro de proteccion de tarjetas', 12, 41, '15.00'),
(727, 'seguro de protección de tarjetas', 6, 41, '0.00'),
(728, 'seguro de protección de tarjetas - soles y dólares', 9, 41, '0.00'),
(729, 'seguro de protección de tarjetas - soles y dólares', 15, 41, '0.00'),
(730, 'seguro de protección de tarjetas banco gnb (antes hsbc)', 19, 41, '0.00'),
(731, 'seguro de protección de tarjetas de crédito y/o débito - soles y dólares', 12, 41, '15.00'),
(732, 'seguro de protección de tarjetas de débito - soles', 9, 57, '0.00'),
(733, 'seguro de protección de tarjetas plus', 15, 41, '0.00'),
(734, 'seguro de protección financiera', 15, 41, '0.00'),
(735, 'seguro de protección integral - soles', 10, 80, '0.00'),
(736, 'seguro de renta estudiantil grupal', 19, 72, '0.00'),
(737, 'seguro de renta estudiantil individual', 19, 71, '0.00'),
(738, 'seguro de renta particular', 10, 75, '0.00'),
(739, 'seguro de renta vitalicia familiar inmediata en dolares americanos ajustados por invalidez (incluye cláusula adicional de gratificación semestral)', 19, 94, '0.00'),
(740, 'seguro de responsabilidad civil', 12, 21, '15.00'),
(741, 'seguro de responsabilidad civil', 9, 53, '0.00'),
(742, 'seguro de responsabilidad civil - soles', 9, 53, '0.00'),
(743, 'seguro de responsabilidad civil extracontractual - dólares', 19, 53, '0.00'),
(744, 'seguro de responsabilidad civil extracontractual - soles', 19, 53, '0.00'),
(745, 'seguro de riesgo cibernético', 19, 53, '0.00'),
(746, 'seguro de robo y asalto', 9, 41, '0.00'),
(747, 'seguro de robo y asalto', 15, 41, '0.00'),
(748, 'seguro de robo y asalto - soles', 9, 41, '0.00'),
(749, 'seguro de rotura de maquinaria', 9, 33, '0.00'),
(750, 'seguro de rotura de maquinaria - dólares', 19, 33, '0.00'),
(751, 'seguro de rotura de maquinaria - soles', 19, 33, '0.00'),
(752, 'seguro de salud (ex-multisalud)', 15, 64, '0.00'),
(753, 'seguro de salud internacional', 15, 64, '0.00'),
(754, 'seguro de salud sanna - soles', 15, 64, '0.00'),
(755, 'seguro de salud total - dólares (ex-medic vida nacional)', 15, 64, '0.00'),
(756, 'seguro de sepelio', 10, 81, '0.00'),
(757, 'seguro de sepelio', 16, 81, '0.00'),
(758, 'seguro de sepelio', 15, 81, '0.00'),
(759, 'seguro de sepelio - soles', 19, 81, '0.00'),
(760, 'seguro de sepelio camposanto mapfre', 13, 79, '15.00'),
(761, 'seguro de sepelio cnt - soles y dólares', 19, 81, '0.00'),
(762, 'seguro de sepelio finisterre clásico huachipa - soles // seguro de sepelio finisterre clásico', 13, 79, '15.00'),
(763, 'seguro de sepelio grupal para clientes de entidades financieras o de servicios - dólares', 13, 72, '15.00'),
(764, 'seguro de sepelio grupal para clientes de entidades financieras o de servicios - soles', 13, 72, '15.00'),
(765, 'seguro de sepelio indemnizatorio- soles', 19, 81, '0.00'),
(766, 'seguro de sepelio integral', 13, 79, '15.00'),
(767, 'seguro de sepelio mapfre', 13, 79, '15.00'),
(768, 'seguro de sepelio mapfre huachipa - soles y dólares', 13, 79, '15.00'),
(769, 'seguro de sepelio vitalicio básico', 13, 79, '15.00'),
(770, 'seguro de todo riesgo para contratistas', 9, 31, '0.00'),
(771, 'seguro de todo riesgo para contratistas - dólares', 19, 31, '0.00'),
(772, 'seguro de todo riesgo para contratistas - soles', 9, 31, '0.00'),
(773, 'seguro de todo riesgo para contratistas - soles', 19, 31, '0.00'),
(774, 'seguro de todo riesgo vip - común (riesgos varios) - dólares', 12, 59, '15.00'),
(775, 'seguro de transporte - dólares', 19, 11, '0.00'),
(776, 'seguro de transporte - soles', 19, 11, '0.00'),
(777, 'seguro de transporte de carga abierta - trca', 15, 11, '0.00'),
(778, 'seguro de transporte de importación y exportación - dólares', 12, 11, '15.00'),
(779, 'seguro de transporte marítimo', 9, 11, '0.00'),
(780, 'seguro de transporte nacional - dólares', 12, 11, '15.00'),
(781, 'seguro de transporte nacional - soles', 12, 11, '15.00'),
(782, 'seguro de transporte nacional v2', 12, 11, '15.00'),
(783, 'seguro de transporte terrestre', 9, 11, '0.00'),
(784, 'seguro de transporte terrestre - soles', 9, 11, '0.00'),
(785, 'seguro de transportes (pólizas individuales)', 15, 11, '0.00'),
(786, 'seguro de viajes pacífico', 15, 61, '0.00'),
(787, 'seguro de vida', 16, 72, '0.00'),
(788, 'seguro de vida - cobertura feliz', 10, 80, '0.00'),
(789, 'seguro de vida \"positiva garantiza\" // \"vida positiva ahorro\"', 10, 71, '0.00'),
(790, 'seguro de vida \"positiva planifica\" // \"vida positiva futuro\"', 10, 71, '0.00'),
(791, 'seguro de vida con devolución // vida renta bbva', 19, 71, '0.00'),
(792, 'seguro de vida con devolución de primas - soles y dólares', 19, 71, '0.00'),
(793, 'seguro de vida con devolución de primas (vivaseguro) - dólares', 13, 71, '15.00'),
(794, 'seguro de vida con devolución plus bcp', 15, 71, '0.00'),
(795, 'seguro de vida con devolución total', 15, 71, '0.00'),
(796, 'seguro de vida con renta temporal', 16, 71, '0.00'),
(797, 'seguro de vida con retorno', 15, 71, '0.00'),
(798, 'seguro de vida convida - dólares', 13, 71, '15.00'),
(799, 'seguro de vida devolución total', 15, 71, '0.00'),
(800, 'seguro de vida en grupo - dólares', 15, 72, '0.00'),
(801, 'seguro de vida en grupo (seguro de vida) - dólares', 13, 72, '15.00'),
(802, 'seguro de vida en grupo (seguro de vida) - soles', 13, 72, '15.00'),
(803, 'seguro de vida en grupo temporal anual renovable automáticamente - soles', 15, 72, '0.00'),
(804, 'seguro de vida en grupo temporal anual renovable automáticamente para ti familia cargo en cuenta-soles', 15, 72, '0.00'),
(805, 'seguro de vida entera de emisión garantizada con valor de rescate - dólares', 15, 71, '0.00'),
(806, 'seguro de vida familia protegida', 10, 81, '0.00'),
(807, 'seguro de vida familiar - dólares (antes protección familiar (seguro de vida) - dólares)', 19, 80, '0.00'),
(808, 'seguro de vida familiar múltiple', 10, 71, '0.00'),
(809, 'seguro de vida grupo \"econovida\" (seguro de vida) - soles//econovida', 10, 72, '0.00'),
(810, 'seguro de vida grupo temporal anual renovable - soles y dólares', 10, 72, '0.00'),
(811, 'seguro de vida individual cnt - soles y dólares', 19, 80, '0.00'),
(812, 'seguro de vida individual oncoseguro - soles', 10, 80, '0.00'),
(813, 'seguro de vida individual para ex-empleados (dec. leg. 688) - dólares', 15, 82, '0.00'),
(814, 'seguro de vida individual para ex-empleados (dec. leg. 688) - soles', 15, 82, '0.00'),
(815, 'seguro de vida individual temporal - soles', 19, 71, '0.00'),
(816, 'seguro de vida individual temporal anual - soles y dólares', 10, 80, '0.00'),
(817, 'seguro de vida inversión (antes pacífico ahorro vida)', 15, 71, '0.00'),
(818, 'seguro de vida inversión 65', 15, 71, '0.00'),
(819, 'seguro de vida inversión 65 plus', 15, 71, '0.00'),
(820, 'seguro de vida inversión oro (antes premium life max)', 15, 71, '0.00'),
(821, 'seguro de vida inversión platino (antes premium life vip)', 15, 71, '0.00'),
(822, 'seguro de vida ley ex trabajadores', 16, 82, '0.00'),
(823, 'seguro de vida ley para trabajadores cesantes', 10, 82, '0.00'),
(824, 'seguro de vida ley trabajadores', 16, 73, '0.00'),
(825, 'seguro de vida mi familia - dólares', 16, 72, '0.00'),
(826, 'seguro de vida mi familia - individual', 16, 80, '0.00'),
(827, 'seguro de vida mi familia - soles (también seguro de vida, familia protegida)', 16, 72, '0.00'),
(828, 'seguro de vida mujer independiente - dólares / seguro de vida mujer independiente', 13, 71, '15.00'),
(829, 'seguro de vida para entidades financieras o de servicios - soles', 13, 72, '15.00'),
(830, 'seguro de vida positiva protege// vida positiva temporal', 10, 71, '0.00'),
(831, 'seguro de vida prestamo seguro', 19, 71, '0.00'),
(832, 'seguro de vida protección ahorro plus', 19, 71, '0.00'),
(833, 'seguro de vida protección familiar - nota 20', 19, 80, '0.00'),
(834, 'seguro de vida protección financiera', 15, 72, '0.00'),
(835, 'seguro de vida renta bbva banco continental - dólares', 19, 71, '0.00'),
(836, 'seguro de vida renta estudiantil - soles y dólares', 10, 80, '0.00'),
(837, 'seguro de vida sepelio', 16, 72, '0.00'),
(838, 'seguro de vida temporal - vida fácil', 19, 72, '0.00'),
(839, 'seguro de vida temporal 5 años renovable automáticamente - dólares', 15, 71, '0.00'),
(840, 'seguro de vida temporal anual - soles y dólares//colaboradores del hogar', 10, 80, '0.00'),
(841, 'seguro de vida temporal anual renovable autom. con cobertura adicional x muerte accidental siempre seguro vida- soles', 15, 80, '0.00'),
(842, 'seguro de vida temporal anual renovable automáticamente vida total - soles', 15, 71, '0.00'),
(843, 'seguro de vida temporal hasta los 65 años de edad - vidamax - dólares', 15, 71, '0.00'),
(844, 'seguro de vida universal variable vida futuro protegido plus plan hasta los 65 años - dólares', 19, 71, '0.00'),
(845, 'seguro de vida universal variable vida futuro protegido plus plan por 35 años - dólares', 19, 71, '0.00'),
(846, 'seguro de vida universal variable-vida futuro protegido plan hasta los 65 años', 19, 71, '0.00'),
(847, 'seguro de vida universal variable-vida futuro protegido plan por 35 años - dólares', 19, 71, '0.00'),
(848, 'seguro de vida vivamas - dólares / seguro de vida vivamas', 13, 71, '15.00'),
(849, 'seguro de vida y accidentes personales para miembros de la fap - soles', 15, 80, '0.00'),
(850, 'seguro de vida, vida tranquila - soles', 15, 80, '0.00'),
(851, 'seguro dental', 15, 64, '0.00'),
(852, 'seguro desempleo involuntario e incapacidad temporal carsa - soles', 19, 57, '0.00'),
(853, 'seguro digital', 19, 64, '0.00'),
(854, 'seguro domiciliario - dólares', 19, 52, '0.00'),
(855, 'seguro domiciliario - soles', 19, 52, '0.00'),
(856, 'seguro educación rímac', 19, 71, '0.00'),
(857, 'seguro escolar', 19, 61, '0.00'),
(858, 'seguro falabella hospitalización - dólares', 9, 64, '0.00'),
(859, 'seguro falabella multiriesgo', 9, 61, '0.00'),
(860, 'seguro falabella salud básico soles y dólares (antes seguro hospitalario saga falabella)', 19, 64, '0.00'),
(861, 'seguro falabella salud total - dólares y soles', 19, 64, '0.00'),
(862, 'seguro falabella-hospitalización por accidente (seguro de accidentes) - dólares', 9, 61, '0.00'),
(863, 'seguro grupal de accidentes personales con hospitalización - soles', 15, 61, '0.00'),
(864, 'seguro indemnizatorio de enfermedades graves completo - dólares / seguro indemnizatorio de enfermedades graves con devolución', 19, 64, '0.00'),
(865, 'seguro indemnizatorio de enfermedades graves completo - soles', 19, 64, '0.00'),
(866, 'seguro indemnizatorio de enfermedades graves con devolución', 19, 64, '0.00'),
(867, 'seguro indemnizatorio de enfermedades graves de la mujer - dólares', 19, 64, '0.00'),
(868, 'seguro indemnizatorio de enfermedades graves de la mujer - soles', 19, 64, '0.00'),
(869, 'seguro indemnizatorio de enfermedades graves oncológico - dólares', 19, 64, '0.00'),
(870, 'seguro indemnizatorio de enfermedades graves oncológico - oncoapoyo', 19, 64, '0.00'),
(871, 'seguro indemnizatorio de enfermedades graves oncológico - soles', 19, 64, '0.00'),
(872, 'seguro indemnizatorio enfermedades graves infarto al miocardio - soles', 19, 64, '0.00'),
(873, 'seguro indemnizatorio enfermedades graves oncológico mujer - soles', 19, 64, '0.00'),
(874, 'seguro indexado para interrupción de negocio por el fenómeno del niño - soles', 9, 59, '0.00'),
(875, 'seguro individual de accidentes personales', 13, 61, '15.00'),
(876, 'seguro individual de accidentes personales modular i', 15, 61, '0.00'),
(877, 'seguro individual de hogar - soles y dólares', 15, 52, '0.00'),
(878, 'seguro individual de vida y accidentes personales temporal anual renovable automáticamente doble seguro de vida y accidentes - soles', 15, 80, '0.00'),
(879, 'seguro individual multiriesgos para garantías inmobiliarias', 15, 1, '0.00'),
(880, 'seguro individual para garantías inmobiliarias', 15, 1, '0.00'),
(881, 'seguro integral de sepelio familiar ejército del perú - soles', 13, 72, '15.00'),
(882, 'seguro integral de sepelio familiar grupal - dirbiemar - dólares // seguro integral de sepelio familiar - dirbiemar // seguro de sepelio integral familiar marina - dirbiemar', 13, 79, '15.00'),
(883, 'seguro integral de sepelio familiar grupal - dirbiemar - soles // seguro integral de sepelio familiar - dirbiemar // seguro de sepelio integral familiar marina - dirbiemar', 13, 79, '15.00'),
(884, 'seguro mapfre empresarial - dólares', 12, 57, '15.00'),
(885, 'seguro mapfre empresas', 12, 57, '15.00'),
(886, 'seguro mapfre hogar 24 horas', 12, 57, '15.00'),
(887, 'seguro mapfre hogar hipotecario', 12, 57, '15.00'),
(888, 'seguro mascota protegida', 9, 59, '0.00'),
(889, 'seguro master - finisterre (seguro de sepelio) - soles // seguro de sepelio master', 13, 79, '15.00'),
(890, 'seguro médico familiar viva salud - soles', 12, 64, '15.00'),
(891, 'seguro múltiple - dólares', 19, 81, '0.00'),
(892, 'seguro múltiple banco continental - soles', 19, 72, '0.00'),
(893, 'seguro multiriesgo del hogar - común (riesgos varios) - dólares', 12, 57, '15.00'),
(894, 'seguro multiriesgo empresas 24 horas (soles y dólares)', 12, 57, '15.00'),
(895, 'seguro multiriesgo negocios', 15, 57, '0.00'),
(896, 'seguro multiriesgo para pequeña empresa (soles y dólares)', 12, 57, '15.00'),
(897, 'seguro multiriesgo para unidades inmobiliarias de propiedad común- soles y dólares', 15, 57, '0.00'),
(898, 'seguro multiriesgos para garantías inmobiliarias', 15, 1, '0.00'),
(899, 'seguro obligatorio de accidentes de tránsito (soat carga)', 12, 66, '15.00'),
(900, 'seguro obligatorio de accidentes de tránsito (soat carga)', 15, 66, '10.00'),
(901, 'seguro obligatorio de accidentes de tránsito (soat carga)', 16, 66, '15.00'),
(902, 'seguro obligatorio de accidentes de tránsito (soat carga) - soles', 9, 66, '18.00'),
(903, 'seguro obligatorio de accidentes de tránsito (soat carga) - soles', 19, 66, '20.00'),
(904, 'seguro obligatorio de accidentes de tránsito (soat interprovincial)', 12, 66, '10.00'),
(905, 'seguro obligatorio de accidentes de tránsito (soat interprovincial)', 16, 66, '10.00'),
(906, 'seguro obligatorio de accidentes de tránsito (soat interprovincial) - soles', 9, 66, '7.50'),
(907, 'seguro obligatorio de accidentes de tránsito (soat interprovincial) - soles', 19, 66, '10.00'),
(908, 'seguro obligatorio de accidentes de tránsito (soat moto)', 12, 66, '7.50'),
(909, 'seguro obligatorio de accidentes de tránsito (soat moto) - soles', 9, 66, '10.00'),
(910, 'seguro obligatorio de accidentes de tránsito (soat particular)', 12, 66, '15.00'),
(911, 'seguro obligatorio de accidentes de tránsito (soat particular)', 15, 66, '15.00'),
(912, 'seguro obligatorio de accidentes de tránsito (soat particular)', 16, 66, '15.00'),
(913, 'seguro obligatorio de accidentes de tránsito (soat particular) - soles', 9, 66, '18.00'),
(914, 'seguro obligatorio de accidentes de tránsito (soat particular) - soles', 19, 66, '20.00'),
(915, 'seguro obligatorio de accidentes de tránsito (soat servcicio escolar) - soles', 9, 66, '10.00'),
(916, 'seguro obligatorio de accidentes de tránsito (soat servicio escolar)', 12, 66, '15.00'),
(917, 'seguro obligatorio de accidentes de tránsito (soat servicio escolar) - soles', 19, 66, '5.00'),
(918, 'seguro obligatorio de accidentes de tránsito (soat taxi)', 12, 66, '15.00'),
(919, 'seguro obligatorio de accidentes de tránsito (soat taxi)', 15, 66, '5.00'),
(920, 'seguro obligatorio de accidentes de tránsito (soat taxi)', 16, 66, '15.00'),
(921, 'seguro obligatorio de accidentes de tránsito (soat taxi) - soles', 9, 66, '10.00'),
(922, 'seguro obligatorio de accidentes de tránsito (soat taxi) - soles', 19, 66, '10.00'),
(923, 'seguro obligatorio de accidentes de tránsito (soat transporte personal)', 12, 66, '15.00'),
(924, 'seguro obligatorio de accidentes de tránsito (soat transporte personal) - soles', 9, 66, '10.00'),
(925, 'seguro obligatorio de accidentes de tránsito (soat transporte personal) - soles', 19, 66, '10.00'),
(926, 'seguro obligatorio de accidentes de tránsito (soat transporte urbano)', 16, 66, '10.00'),
(927, 'seguro obligatorio de accidentes de tránsito (soat transporte urbano) - soles', 9, 66, '10.00'),
(928, 'seguro obligatorio de accidentes de tránsito (soat transporte urbano) - soles', 19, 66, '10.00'),
(929, 'seguro obligatorio de accidentes de tránsito (soat turismo)', 12, 66, '15.00'),
(930, 'seguro obligatorio de accidentes de tránsito (soat turismo)', 16, 66, '10.00'),
(931, 'seguro obligatorio de accidentes de tránsito (soat turismo) - soles', 9, 66, '7.50'),
(932, 'seguro obligatorio de accidentes de tránsito (soat turismo) - soles', 19, 66, '10.00'),
(933, 'seguro obligatorio de accidentes de tránsito (soat interprovincial) - dólares ', 9, 66, '7.50'),
(934, 'seguro obligatorio de accidentes de tránsito (soat) - dólares', 19, 66, '0.00'),
(935, 'seguro oncológico', 9, 64, '0.00'),
(936, 'seguro oncológico', 16, 64, '0.00'),
(937, 'seguro oncológico aliada (también seguro oncológico aliada contra el cáncer) - soles', 15, 64, '0.00'),
(938, 'seguro oncológico banco continental - dólares', 19, 64, '0.00'),
(939, 'seguro oncológico banco wiese - dólares', 19, 64, '0.00'),
(940, 'seguro oncológico cafae', 16, 64, '0.00'),
(941, 'seguro oncológico- indemnización', 16, 64, '0.00'),
(942, 'seguro oncológico indemnizatorio', 15, 64, '0.00'),
(943, 'seguro oncológico integral colectivo', 19, 64, '0.00'),
(944, 'seguro oncológico integral individual', 19, 64, '0.00'),
(945, 'seguro oncológico internacional', 15, 64, '0.00'),
(946, 'seguro oncológico pacífico', 15, 64, '0.00'),
(947, 'seguro oncológico rímac - dólares', 19, 64, '0.00'),
(948, 'seguro oncológico total', 15, 64, '0.00'),
(949, 'seguro oncológico y de enfermedades graves indemnizatorio', 9, 64, '0.00'),
(950, 'seguro para taxis', 12, 21, '15.00'),
(951, 'seguro para valientes', 19, 55, '0.00'),
(952, 'seguro para vehículos', 19, 21, '0.00'),
(953, 'seguro para vehículos pesados', 12, 21, '15.00'),
(954, 'seguro pensión de estudios - soles', 15, 72, '0.00'),
(955, 'seguro personas con habilidades especiales - síndrome de down - soles', 19, 64, '0.00'),
(956, 'seguro préstamo protegido', 19, 57, '0.00'),
(957, 'seguro protección ahorro - dólares', 19, 71, '0.00'),
(958, 'seguro protección de pagos - soles y dólares', 12, 59, '15.00'),
(959, 'seguro protección financiera microfinanzas - soles', 19, 61, '0.00'),
(960, 'seguro red salud preferente - soles', 19, 64, '0.00'),
(961, 'seguro renta hospitalaria - dólares', 19, 64, '0.00'),
(962, 'seguro renta hospitalaria - soles', 19, 64, '0.00'),
(963, 'seguro respaldo', 15, 72, '0.00'),
(964, 'seguro respaldo vida', 15, 72, '0.00'),
(965, 'seguro salud a tu alcance bbva', 19, 64, '0.00'),
(966, 'seguro temporal de sepelio finisterre básico - soles', 13, 81, '15.00'),
(967, 'seguro temporal de sepelio finisterre clásico huachipa - soles // seguro temporal de sepelio finisterre clásico', 13, 81, '15.00'),
(968, 'seguro transporte de personal', 12, 21, '15.00'),
(969, 'seguro universitario', 19, 71, '0.00'),
(970, 'seguro vehícular - dólares', 19, 21, '0.00'),
(971, 'seguro vehicular - soles', 19, 21, '0.00'),
(972, 'seguro vehicular daño total', 12, 21, '15.00'),
(973, 'seguro vehicular full cobertura', 12, 21, '15.00'),
(974, 'seguro vehicular full cobertura premium', 12, 21, '15.00'),
(975, 'seguro vehicular full cobertura premium 0 km', 12, 21, '15.00'),
(976, 'seguro vehicular full cobertura premium autos', 12, 21, '15.00'),
(977, 'seguro vehicular full cobertura premium autos web', 12, 21, '15.00'),
(978, 'seguro vehicular full cobertura premium motos', 12, 21, '15.00'),
(979, 'seguro vehicular full cobertura premium pesados', 12, 21, '15.00'),
(980, 'seguro vehicular full cobertura premium taxis', 12, 21, '15.00'),
(981, 'seguro vehicular full cobertura premium transporte de personal', 12, 21, '15.00'),
(982, 'seguro vehicular para terceros', 12, 21, '15.00'),
(983, 'seguro vehicular practimóvil - soles y dólares', 19, 21, '0.00'),
(984, 'seguro vida cafae', 16, 72, '0.00'),
(985, 'seguro vida eterna plus - soles', 10, 80, '0.00'),
(986, 'seguro vida sepelio cafae', 16, 72, '0.00'),
(987, 'seguros 5 x 1 (seguro de vida) - dólares', 13, 71, '15.00'),
(988, 'seguros de accidentes - dólares', 13, 61, '15.00'),
(989, 'seguros de accidentes personales para instituciones financieras o de servicios (v2)', 13, 61, '15.00'),
(990, 'seguros falabella multiprotección', 9, 61, '0.00'),
(991, 'sepelio indemnizatorio', 10, 81, '0.00'),
(992, 'sepelio plus', 10, 81, '0.00'),
(993, 'sepelios (seguro de vida) - soles', 13, 79, '15.00'),
(994, 'sepelium (seguro de sepelio) - soles', 10, 81, '0.00'),
(995, 'seriedad de oferta', 9, 54, '0.00'),
(996, 'soat carga', 6, 66, '15.00'),
(997, 'soat moto', 6, 66, '8.00'),
(998, 'soat particular', 6, 66, '15.00'),
(999, 'soat taxi', 6, 66, '10.00'),
(1000, 'supra medic (seguro médico) - dólares', 19, 64, '0.00'),
(1001, 'sustitución de pre-venta', 9, 54, '0.00'),
(1002, 'te conduce mejor', 6, 61, '0.00'),
(1003, 'temporal 10 años (seguro de vida) - dólares', 10, 71, '0.00'),
(1004, 'temporal 15 años (seguro de vida) - dólares', 10, 71, '0.00'),
(1005, 'temporal 20 años (seguro de vida) - dólares', 10, 71, '0.00'),
(1006, 'temporal 5 años (seguro de vida) - dólares', 10, 71, '0.00'),
(1007, 'temporal con devolución de primas (seguro de vida) - dólares', 19, 71, '0.00'),
(1008, 'temporal constante (seguro de vida) - dólares // vida temporal total', 19, 71, '0.00'),
(1009, 'ticket protegido', 19, 59, '0.00'),
(1010, 'todo riesgo de construcción (car)', 15, 31, '0.00'),
(1011, 'todo riesgo equipo contratista (trec)', 15, 37, '0.00'),
(1012, 'todo riesgo equipo electrónico', 15, 36, '0.00'),
(1013, 'transporte público - dólares', 9, 61, '0.00'),
(1014, 'transportes - dólares', 12, 11, '15.00'),
(1015, 'transportes (carga abierta)', 15, 11, '0.00'),
(1016, 'trébol salud (seguro médico) - soles', 12, 64, '15.00'),
(1017, 'viaje seguro', 6, 61, '0.00'),
(1018, 'vida ahorro flexible - dólares', 19, 71, '0.00'),
(1019, 'vida capital, dotal - dólares // vida ahorro seguro', 19, 71, '0.00'),
(1020, 'vida credito', 6, 72, '0.00'),
(1021, 'vida desgravamen (seguro de desgravamen de crédito) - dólares', 19, 74, '0.00'),
(1022, 'vida desgravamen (seguro de desgravamen de crédito) - soles', 19, 74, '0.00'),
(1023, 'vida devolución plus', 15, 71, '0.00'),
(1024, 'vida en grupo complementario a vida ley - dólares // vida ley (2da. capa)', 19, 72, '0.00'),
(1025, 'vida en grupo complementario a vida ley - soles // vida ley (2da. capa)', 19, 72, '0.00'),
(1026, 'vida entera prima única - finisterre (seguro de sepelio y vida) - dólares', 13, 71, '15.00'),
(1027, 'vida fácil - soles', 19, 71, '0.00'),
(1028, 'vida familiar', 10, 81, '0.00'),
(1029, 'vida garantizado flex', 15, 71, '0.00'),
(1030, 'vida grupo monto fijo (seguro de vida) - dólares', 15, 72, '0.00'),
(1031, 'vida grupo monto fijo (seguro de vida) - soles', 15, 72, '0.00'),
(1032, 'vida grupo planilla (seguro de vida) - dólares', 15, 72, '0.00'),
(1033, 'vida grupo planilla (seguro de vida) - soles', 15, 72, '0.00'),
(1034, 'vida grupo seguro múltiple (seguro de vida) - dólares', 15, 72, '0.00'),
(1035, 'vida grupo seguro múltiple (seguro de vida) - soles', 15, 72, '0.00'),
(1036, 'vida grupo, vida temporal en grupo (seguro de vida) - dólares // seguro colectivo de vida temporal en grupo // vida grupo', 19, 72, '0.00'),
(1037, 'vida grupo, vida temporal en grupo (seguro de vida) - soles // seguro colectivo de vida temporal en grupo // vida grupo', 19, 72, '0.00'),
(1038, 'vida ideal, vida entera - dólares', 19, 71, '0.00'),
(1039, 'vida individual (seguro de vida) - dólares', 13, 71, '15.00'),
(1040, 'vida inversión flexible - dólares', 19, 71, '0.00'),
(1041, 'vida inversión joven', 15, 71, '0.00'),
(1042, 'vida ley (ex-trabajadores) - soles', 13, 82, '15.00'),
(1043, 'vida ley (trabajadores) - dólares', 15, 73, '0.00'),
(1044, 'vida ley (trabajadores) - dólares // vida ley', 19, 73, '0.00'),
(1045, 'vida ley (trabajadores) - soles', 10, 73, '0.00'),
(1046, 'vida ley (trabajadores) - soles', 15, 73, '0.00'),
(1047, 'vida ley (trabajadores) - soles // vida ley', 19, 73, '0.00'),
(1048, 'vida ley cesantes - dólares // vida ley cesantes d.l n° 688 (adecuado a la ley n° 29549)', 19, 82, '0.00'),
(1049, 'vida ley cesantes - soles // vida ley cesantes d.l n° 688 (adecuado a la ley n° 29549)', 19, 82, '0.00'),
(1050, 'vida ley ex trabajadores', 13, 82, '15.00'),
(1051, 'vida ley ex trabajadores', 6, 82, '0.00'),
(1052, 'vida ley ex trabajadores adecuada a ley n° 29549', 15, 82, '0.00'),
(1053, 'vida ley trabajadores', 13, 73, '15.00'),
(1054, 'vida ley trabajadores', 6, 73, '0.00'),
(1055, 'vida para trabajadores dependientes (antes vida temporal en grupo para trabajadores dependientes)', 13, 71, '15.00'),
(1056, 'vida para trabajadores dependientes (antes vida temporal en grupo para trabajadores dependientes)', 13, 71, '15.00'),
(1057, 'vida pensión segura - dólares (antes vida pensión segura en dólares actualizados a tasa fija)', 19, 75, '0.00'),
(1058, 'vida pension segura - soles', 19, 75, '0.00'),
(1059, 'vida pensión segura en soles indexados a la inflación', 19, 75, '0.00'),
(1060, 'vida positiva académico - dólares', 10, 71, '0.00'),
(1061, 'vida positiva inversión', 10, 71, '0.00'),
(1062, 'vida positiva jubilación privada', 10, 71, '0.00'),
(1063, 'vida positiva temporal devolución total - dólares', 10, 71, '0.00'),
(1064, 'vida protegida (seguro de vida) - dólares', 19, 71, '0.00'),
(1065, 'vida segura familiar (seguro de accidentes) - dólares', 15, 61, '0.00'),
(1066, 'vida segura individual (seguro de accidentes) - dólares', 15, 61, '0.00'),
(1067, 'vida segura plus familiar (seguro de accidentes) - dólares', 15, 61, '0.00'),
(1068, 'vida segura plus individual (seguro de accidentes) - dólares', 15, 61, '0.00'),
(1069, 'vida supercash', 15, 72, '0.00'),
(1070, 'vida temporal 65 (antes temporal hasta 65 años)', 15, 71, '0.00'),
(1071, 'vida temporal con devolución - soles', 10, 71, '0.00'),
(1072, 'vida temporal con devolución de primas (seguro de vida) - dólares', 13, 71, '15.00'),
(1073, 'vida temporal con retorno de primas al final del año 12 (seguro de vida) - dólares', 15, 71, '0.00'),
(1074, 'vida temporal de 12 años con coberturas adicionales (seguro de vida) - dólares', 15, 71, '0.00'),
(1075, 'vida temporal oro (antes total life protection)', 15, 71, '0.00'),
(1076, 'vida temporal pago anticipado', 19, 71, '0.00'),
(1077, 'vida temporal platino - dólares', 15, 71, '0.00'),
(1078, 'vida universal - flex', 10, 71, '0.00'),
(1079, 'viva seguro', 15, 61, '0.00'),
(1080, 'viva seguro familiar - dólares', 15, 61, '0.00'),
(1081, 'viva seguro ii', 15, 61, '0.00'),
(1082, 'viva seguro individual - dólares', 15, 61, '0.00');

-- --------------------------------------------------------

--
-- Estructura de tabla para la tabla `t_ramos`
--

CREATE TABLE `t_ramos` (
  `id` int(11) NOT NULL,
  `descripcion` varchar(255) NOT NULL
) ENGINE=InnoDB DEFAULT CHARSET=utf8mb4;

--
-- Volcado de datos para la tabla `t_ramos`
--

INSERT INTO `t_ramos` (`id`, `descripcion`) VALUES
(1, 'incendio'),
(2, 'líneas aliadas incendio'),
(3, 'terremoto'),
(4, 'lucro cesante'),
(5, 'cristales'),
(11, 'transportes'),
(15, 'marítimo - cascos'),
(18, 'aviación'),
(21, 'vehículos'),
(22, 'líneas aliadas de vehículos'),
(31, 'todo riesgo para contratistas (car)'),
(33, 'rotura de maquinaria (rm)'),
(34, 'lucro cesante rotura de maquinaria'),
(35, 'montaje contra todo riesgo (ear)'),
(36, 'todo riesgo equipo electrónico (ee)'),
(37, 'todo riesgo equipo de contratistas'),
(38, 'calderos'),
(41, 'robo y asalto'),
(44, 'deshonestidad frente a la empresa'),
(45, 'comprensivo contra deshonestidad (3d)'),
(46, 'seguro de bancos (b.b.b.)'),
(51, 'animales'),
(52, 'domiciliario'),
(53, 'responsabilidad civil'),
(54, 'cauciones'),
(55, 'crédito interno'),
(56, 'crédito a la exportación'),
(57, 'multiseguros'),
(58, 'agrícola'),
(59, 'misceláneos'),
(61, 'accidentes personales'),
(62, 'accidentes de trabajo'),
(63, 'escolares'),
(64, 'asistencia médica'),
(65, 'sepelio (dado de baja)'),
(66, 'soat'),
(71, 'vida individual de largo plazo'),
(72, 'vida grupo particular'),
(73, 'vida ley trabajadores'),
(74, 'desgravamen'),
(75, 'renta particular'),
(76, 'renta de jubilación'),
(77, 'seguro complementario de trabajo de riesgo'),
(78, 'pensiones del seguro complementario de trabajo de riesgo'),
(79, 'sepelio de largo plazo'),
(80, 'vida individual de corto plazo'),
(81, 'sepelio de corto plazo'),
(82, 'vida ley ex-trabajadores'),
(91, 'invalidez'),
(92, 'sobrevivencia'),
(93, 'gastos de sepelio'),
(94, 'pensiones de invalidez'),
(95, 'pensiones de sobrevivencia'),
(96, 'pensiones de invalidez - regimen temporal'),
(97, 'pensiones de sobrevivencia - regimen temporal');

-- --------------------------------------------------------

--
-- Estructura de tabla para la tabla `t_subagentes`
--

CREATE TABLE `t_subagentes` (
  `id` int(11) NOT NULL,
  `nombres` varchar(255) NOT NULL,
  `apellidos` varchar(255) NOT NULL,
  `abreviatura` varchar(255) NOT NULL,
  `correo` varchar(255) NOT NULL,
  `celular` varchar(255) NOT NULL,
  `direccion` text NOT NULL,
  `referencia` text NOT NULL,
  `ubicacion` text NOT NULL,
  `avatar` varchar(255) NOT NULL,
  `fecha_activacion` date NOT NULL,
  `fecha_creacion` datetime NOT NULL,
  `id_usuario` int(11) NOT NULL,
  `tipo_negocio` text NOT NULL
) ENGINE=InnoDB DEFAULT CHARSET=utf8mb4;

--
-- Volcado de datos para la tabla `t_subagentes`
--

INSERT INTO `t_subagentes` (`id`, `nombres`, `apellidos`, `abreviatura`, `correo`, `celular`, `direccion`, `referencia`, `ubicacion`, `avatar`, `fecha_activacion`, `fecha_creacion`, `id_usuario`, `tipo_negocio`) VALUES
(1, 'ana lucia', 'suarez huancachoque', 'km16', 'luciasuareshuancachoque@gmail.com', '967262027', 'ciudad de dios mz 20, lt 1 - yura km 16', 'paradero de combis en el km 16 carretera a yura', '', '', '0000-00-00', '0000-00-00 00:00:00', 1, 'multiservicios'),
(2, 'Ronald', 'choque umasi', 'villa el paraiso', 'abudioletters@gmail.com', '966656455', 'villa paraiso m3, c-2', 'a cinco cuadras arriba del grifo villa el pariso', '', '', '0000-00-00', '0000-00-00 00:00:00', 1, 'tienda y agente bcp'),
(3, 'paolo miguel', 'valencia calderon', 'el palacio ii', 'paolo8.v@gmail.com', '950100548', 'urb. el palacio H - 12', 'a una cuadra de la puerta de ingreso de campo verde', '', '', '0000-00-00', '0000-00-00 00:00:00', 1, 'multiservicios'),
(4, 'cristian harold', 'Paredes  Canaza', 'av. v.a.b', 'cristianparedescanaza@gmail.om', '958100637', 'av. victor andres belaunde mz b, lote 19', 'a lado de la cevicheria cevichop', '', '', '0000-00-00', '0000-00-00 00:00:00', 1, 'minimarket'),
(5, 'carlos abel', 'gonzales mesa', 'umacollo', 'carlosh8@gmail.com', '987941119', 'calle lazo de los rios, 103 - umacollo', 'a dos casa de la  pamaderia astoria', '', '', '0000-00-00', '0000-00-00 00:00:00', 1, 'servivo tecnico y agente bcp'),
(6, 'alfredo', 'melchor z', 'plaza las americas', 'mary_borja@hotmail.com', '054-521530', 'plaza las americas', 'en la esquina del semaforo de la plaza las americas', '', '', '0000-00-00', '0000-00-00 00:00:00', 1, 'multiservicios'),
(7, 'rossana catalina', 'valdivia huanca', 'av. Emmel', 'anasor1107@gmail.com', '958954402', 'av. emmel 200 - arequipa', 'a 3 cuadras de tienda francos', '', '', '0000-00-00', '0000-00-00 00:00:00', 1, 'multiservicios'),
(8, 'susana rudy', 'huamani ruelas', 'av. san miguel hunter', 'shuanabi007@gmail.com', '983467331', 'san miguel de piura - 404', 'al frente del restaurante el moustrito', '', '', '0000-00-00', '0000-00-00 00:00:00', 1, 'multiservicios'),
(9, 'milagros isabel', 'caichaya cary', 'familia', 'kadets.3d2@hotmail.com', '941468452', 'urb. la colina II A - 18, jacobo Hunter', 'a tres cuadras del grifo primax', '', '', '0000-00-00', '0000-00-00 00:00:00', 1, 'minimarket'),
(10, 'eresa jesusa', 'ramirez colquehuanca', 'comercial teresita', 'administracion@transcomser.pe', '993449015', 'urb. san juan de dios - jacobo hunter', 'entre la calle san miguel grau con san juan de dios', '', '', '0000-00-00', '0000-00-00 00:00:00', 1, 'multiservicios'),
(11, 'rosa angela', 'puma rojas', 'tiabaya ovalo', 'rossangeluz2030@gmail.com', '959697781', 'urb. el retiro A-3 tiabaya antigua panamericana', 'entrada a la carretera antigua', '', '', '0000-00-00', '0000-00-00 00:00:00', 1, 'tienda y agente bcp'),
(12, 'maria isabel', 'lazaraso paco', 'av. Peru pachacutec', 'ysabelita272@gmail.com', '959755902', 'av. peru 305 - pachacutec', 'avenida principal', '', '', '0000-00-00', '0000-00-00 00:00:00', 1, 'agente bcp y internet'),
(13, 'shirley fiorella', 'paco tisnado', 'ovalo muni hunter', 'dina2244@hotmail.com', '962394346', 'av.viña del mar', 'en el ovalo de la municipalidad de hunter', '', '', '0000-00-00', '0000-00-00 00:00:00', 1, 'botica'),
(14, 'estanislada mercedez', 'escobar talledo', 'pro-hogar', 'stanysc@hotmail.com', '920822678', 'av. prohogar - 601, miraflores', 'al frente de gambarini', '', '', '0000-00-00', '0000-00-00 00:00:00', 1, 'tienda y agente bcp'),
(15, 'rosmery', 'ticona mamani', 'tienda alessandra', 'rossyticonam@gmail.com', '970789553', 'calle miguel grau 204. la libertad', 'a lado de la municipalidad de cerro colorado', '', '', '0000-00-00', '0000-00-00 00:00:00', 1, 'tienda'),
(16, 'adriana isabel', 'perea mamani', 'la isla', 'adriana12021988@gmail.com', '930261567', 'centro comercial la isla - zona c', 'en la esquina de la isla co  direccion al cementerio de pachacutec', '', '', '0000-00-00', '0000-00-00 00:00:00', 1, 'venta de soat'),
(17, 'elena maribel', 'checa achaco', 'dean valdivia', 'dulio_060987@gmail.com', '999391664', 'calle dean valdivia - 515 - cercado', 'a lado de caja arequipa', '', '', '0000-00-00', '0000-00-00 00:00:00', 1, 'cochera'),
(18, 'cinthya', 'romero suyo', 'virgen de guadalupe', 'cynthya.romero.suyo@gmail.com', '940436172', 'a. ramon castilla conmicalea bastidas 691 - tomilla, en adelante', 'a tres cuadras del estadio de la tomilla', '', '', '0000-00-00', '0000-00-00 00:00:00', 1, 'multiservicios'),
(19, 'lely alicia', 'cornejo rivera', 'rafaela', 'aliciainternew@yahoo.com', '959932766', 'av. Victor andres belaunde - 109 - umacollo', 'a lado de mapfre', '', '', '0000-00-00', '0000-00-00 00:00:00', 1, 'multiservicios'),
(20, 'elizabeth dalila', 'patiño ataucuri', 'el temblorcito', 'dalilapatibo@gmail.com', '958128135', 'calle 20 de abril 400, francisco bolognesi - cayma', 'finalizando la calle francisco bolognesi', '', '', '0000-00-00', '0000-00-00 00:00:00', 1, 'multiservicios'),
(21, 'beberly felipa', 'cancino mamani', 'minimarket eli', 'beberlycancinomamank@gmail.com', '981276294', 'jose santos chocano213 - umacollo', 'en el parque la catolica', '', '', '0000-00-00', '0000-00-00 00:00:00', 1, 'tienda'),
(22, 'heber amaru', 'colquehuanca moroco', 'comercial rodmard', 'heber@gmail.com', '951515775', 'malecon progresista 206, urb progresista paucarpata', 'pasando el puente santa rosa', '', '', '0000-00-00', '0000-00-00 00:00:00', 1, 'tienda'),
(23, 'silvia', 'chalco', 'silvanita', 'silvia.chalco@hotmail', '958334001', 'av. Progreso 771 - miraflores', 'cerca a la calle puene arnao', '', '', '0000-00-00', '0000-00-00 00:00:00', 1, 'multiservicios'),
(24, 'rina hermelinda', 'avendaño', 'b. virgen de chapi', 'sin correo', '992340376', 'av. Nicolas de pierola 302 - mariscal castilla', 'a lado de la comisaria de pachacutec', '', '', '0000-00-00', '0000-00-00 00:00:00', 1, 'botica'),
(25, 'olga lidia', 'luque laura', 'librería lidia', 'laura_lu22@hotmail.com', '973039925', 'av.jose santos atahualpa v-4, pachacutec', 'al frente del colegio', '', '', '0000-00-00', '0000-00-00 00:00:00', 1, 'mutiservicios'),
(26, 'hammerly yonathan', 'guevara avendaño', 'shekinah', 'yano_nat_23@hotmail.com', '992341036', 'av. los incas 702, semirural pachacutec', 'a 8 cuadras de la avenida peru', '', '', '0000-00-00', '0000-00-00 00:00:00', 1, 'botica'),
(27, 'georgina yanira', 'alvarez bautista', 'siah', 'eyalvarez@gmail.com', '958100762', 'jr. Progreso mhz 12. lote 4 - pachacutec', 'al frente de un parquesito', '', '', '0000-00-00', '0000-00-00 00:00:00', 1, 'multiservicios'),
(29, 'nailymet del carmen', 'barre silva', 'gryfus', 'nailymetbarre@gmail.com', '925738905', 'av. tahuaycani 112', 'cerca a la iglesia tahuaycani', '', '', '2021-03-04', '2021-03-04 13:54:47', 1, ''),
(30, 'antonio', 'choquenaira noa', 'espinar', 'antoniochoque1957@gmail.com', '000000000', 'espinar', 'sin referencia', '', '', '2021-03-05', '2021-03-05 11:21:09', 1, ''),
(31, 'jany', 'herrera lima', 'juliaca', 'janyagencia@hotmail.com', '990750004', 'juliaca', 'sin referencia', 'sin ubicación ', '', '2021-03-05', '2021-03-05 11:23:12', 1, ''),
(32, 'margaret cecilia', 'alcacer jiménez', 'chechi', 'malcoser1981@hotmail.com', '960421103', 'av. Estados unidos. E - 11', 'a una cuadra de pizzería presto', '', '', '2021-03-05', '2021-03-09 11:10:53', 1, ''),
(33, 'mirian lisbeth', 'ccanahuire paricahua', 'mistik', 'mirian.ccnahuire@ucsp.edu.pe', '961820072', 'av. E stados unidos - 205. urb. Frecia', 'cerca al ovalo de la pacheta', '', '', '2021-03-05', '2021-03-11 18:00:53', 1, ''),
(34, 'marcos', 'ramos gamio', 'lelys', 'marcorg_3@hotmail.com', '953250092', 'calle 28 de julio 127 - cerro colorado', 'a dos cuadras de la plaza las americas', '', '', '2021-03-05', '2021-03-11 18:01:47', 1, ''),
(35, 'fabiola xiomara', 'alfaro mejia', 'av. harley', 'ziomara_20@hotmail.com', '942730363', 'urb. Casa blanca d6-b jose luis bustamante y rivero', 'a una cuadra del reservorio de agua', '', '', '2021-03-11', '2021-04-07 00:00:00', 1, 'deposito y agente'),
(36, 'patricia adelaida', 'flores acosta', 'jpj', 'pfa1774@gmail.com', '993490377', 'variante de uchumayo km 15', 'al costado del grifo asia', '', '', '2021-03-11', '2021-04-07 00:00:00', 1, 'minimarket'),
(37, 'maura isela', 'perca chavez', 'la esquinita', 'marisela_1974_1234@hotmail.com', '997822484', 'av. Brazil 303, pamapa camarones', 'en la esquina de la avenida', '', '', '2021-03-19', '2021-04-07 00:00:00', 1, 'minimarket'),
(38, 'georgina', 'diaz chavez', 'bazar fiorela la joya', 'georginadiazchavez@gmail.com', '958793948', 'av. grau - 208, la joya', 'en la plaza de la joya', '', '', '2021-03-23', '2021-04-07 00:00:00', 1, 'multiservicios'),
(39, 'esmeralda mayra', 'ramos basurco', 'la tienda la joya', 'ramos.1987xd@gmail.com', '952089702', 'pueblo joven triunfo, cruce la joya c, lote 2', 'cruce la joya', '', '', '2021-03-23', '2021-04-07 00:00:00', 1, 'licoreria'),
(40, 'herminia karen', 'arismendi lava de fernandez', 'distribuidora pucchum', 'herminiaf25@gmail.com', '936218001', 'mz, e8 habitat huacapuy', 'grifo petroperu de pucchum', '', '', '2021-03-24', '2021-04-07 00:00:00', 1, 'multiservicios'),
(41, 'artemi elman', 'febres rosas', 'lubri. Rapido vip', 'erup_2012@hotmail.com', '940746144', 'av.camana mz a, lt 1, urb. Villa begazo', 'lavadero ubicado en una esquina', '', '', '2021-03-25', '2021-04-07 00:00:00', 1, 'lavadero'),
(42, 'artemi elman', 'febres rosas', 'terminal vip', 'erup_2012@hotmail.com', '940746144', 'av.camana mz a, lt 1, urb. Villa begazo', 'lavadero ubicado en una esquina', '', '', '2021-03-25', '2021-04-07 00:00:00', 1, 'lavadero'),
(43, 'edith nina', 'nina vargas apfata', 'miner peru', 'maly.1988.vargas@gmail.com', '984384050', 'jr. Samuel pastor n 116', 'al costado del mercado don antonio', '', '', '2021-03-26', '2021-04-07 00:00:00', 1, 'servicio tecnico'),
(44, 'edith nina', 'nina vargas apfata', 'miner secocha', 'maly.1988.vargas@gmail.com', '984384050', 'secocha s/n', 'zona minera', '', '', '2021-04-07', '2021-04-14 00:00:00', 1, 'servicio tecnico'),
(45, 'artemi elman', 'febres rosas', 'terminal vip', 'erup_2012@hotmail.com', '940746144', 'av.camana mz a, lt 1, urb. Villa begazo', 'lavadero ubicado en una esquina', '', '', '2021-04-08', '2021-04-14 00:00:00', 1, 'lavadero'),
(46, 'jose alberto', 'humasi chacca', 'altiplano', 'predeitor2012@hotmail.com', '959168586', 'feria altiplano cono norte s/n', 'a una cuadra de la puerta de ingreso a la feria', '', '', '2021-04-09', '2021-04-14 00:00:00', 1, 'repuestos celular'),
(47, 'andy yosip', 'rosas quille', 'bazar arcoiris', 'celesboar@gmail.com', '921779581', 'putumayo mza c1 - lote 78 g v.a.b. cerro colorado', 'a lado del hospital de zamacola', '', '', '2021-04-09', '2021-04-14 00:00:00', 1, 'bazar'),
(48, 'elizabeth zoraida', 'amado de diaz', 'rochi', 'sophiadiazamado@gmail.com', '982182652', 'av. ferrocarril 301 - tingo', 'al frente de la iglesia de tingo', '', '', '2021-04-15', '2021-04-19 00:00:00', 1, 'tienda'),
(49, 'yolanda cecilia', 'flores bernal', 'sal y miel', 's/n', '950706982', 'jose olaya 320 - cerro colorado', 'al frene del colegio hauregui', '', '', '2021-04-15', '2021-04-20 00:00:00', 1, 'tienda');

-- --------------------------------------------------------

--
-- Estructura de tabla para la tabla `t_subagentes_ventas`
--

CREATE TABLE `t_subagentes_ventas` (
  `id` int(11) NOT NULL,
  `id_subagente` int(11) NOT NULL,
  `nombre_archivo_pdf` varchar(255) NOT NULL,
  `id_usuario` int(11) NOT NULL,
  `pagado` int(11) NOT NULL COMMENT '0 = no pagado\r\n1 = pagado',
  `fecha_creacion` datetime NOT NULL
) ENGINE=InnoDB DEFAULT CHARSET=utf8mb4;

--
-- Volcado de datos para la tabla `t_subagentes_ventas`
--

INSERT INTO `t_subagentes_ventas` (`id`, `id_subagente`, `nombre_archivo_pdf`, `id_usuario`, `pagado`, `fecha_creacion`) VALUES
(1, 30, '6042600a24dcf.pdf', 2, 1, '2021-03-05 11:44:58'),
(2, 30, '6042601c27652.pdf', 2, 1, '2021-03-05 11:45:16'),
(3, 31, '604262883a050.pdf', 2, 1, '2021-03-05 11:55:36'),
(4, 31, '604262a4999ad.pdf', 2, 1, '2021-03-05 11:56:04'),
(6, 31, '6042635cd0ae5.pdf', 2, 1, '2021-03-05 11:59:08'),
(7, 31, '60426376ea9d1.pdf', 2, 1, '2021-03-05 11:59:34'),
(8, 31, '6042638f856b7.pdf', 2, 1, '2021-03-05 11:59:59'),
(9, 31, '604263c776bee.pdf', 2, 1, '2021-03-05 12:00:55'),
(10, 31, '604263ec8c2a5.pdf', 2, 1, '2021-03-05 12:01:32'),
(11, 1, '60426af4c8397.pdf', 2, 1, '2021-03-05 12:31:32'),
(12, 1, '60426f3e2e644.pdf', 2, 1, '2021-03-05 12:49:50'),
(13, 3, '6042706000656.pdf', 2, 1, '2021-03-05 12:54:39'),
(14, 3, '604270dab84b2.pdf', 2, 1, '2021-03-05 12:56:42'),
(15, 3, '604270fe808e1.pdf', 2, 1, '2021-03-05 12:57:18'),
(16, 5, '604271ec5fe53.pdf', 2, 1, '2021-03-05 13:01:16'),
(17, 8, '604272c225b31.pdf', 2, 1, '2021-03-05 13:04:50'),
(18, 8, '60427368db116.pdf', 2, 1, '2021-03-05 13:07:36'),
(19, 8, '6042738029f3c.pdf', 2, 1, '2021-03-05 13:08:00'),
(20, 12, '604274381e0bc.pdf', 2, 1, '2021-03-05 13:11:04'),
(21, 12, '604275c56e6d5.pdf', 2, 1, '2021-03-05 13:17:41'),
(22, 12, '60427609992a8.pdf', 2, 1, '2021-03-05 13:18:49'),
(23, 12, '604276421b2b8.pdf', 2, 1, '2021-03-05 13:19:46'),
(24, 12, '6042768526dfe.pdf', 2, 1, '2021-03-05 13:20:53'),
(25, 12, '604276bea429d.pdf', 2, 1, '2021-03-05 13:21:50'),
(26, 12, '6042770b62353.pdf', 2, 1, '2021-03-05 13:23:07'),
(27, 13, '604278a967e01.pdf', 2, 1, '2021-03-05 13:30:01'),
(28, 9, '6042798d9828e.pdf', 2, 1, '2021-03-05 13:33:49'),
(29, 9, '604279b411646.pdf', 2, 1, '2021-03-05 13:34:28'),
(30, 9, '604279cacea7d.pdf', 2, 1, '2021-03-05 13:34:50'),
(31, 9, '604279f167b17.pdf', 2, 1, '2021-03-05 13:35:29'),
(32, 15, '60427b70f2f7c.pdf', 2, 1, '2021-03-05 13:41:52'),
(33, 15, '60427bf1cbcad.pdf', 2, 1, '2021-03-05 13:44:01'),
(34, 15, '60427c36d333b.pdf', 2, 1, '2021-03-05 13:45:10'),
(35, 15, '60427c7074dcd.pdf', 2, 1, '2021-03-05 13:46:08'),
(36, 15, '60427cd3b9b94.pdf', 2, 1, '2021-03-05 13:47:47'),
(37, 7, '60427d67c23b5.pdf', 2, 1, '2021-03-05 13:50:15'),
(38, 17, '60427e10a1311.pdf', 2, 1, '2021-03-05 13:53:04'),
(39, 19, '60427e34971bd.pdf', 2, 1, '2021-03-05 13:53:40'),
(40, 20, '60427e75c8f8f.pdf', 2, 1, '2021-03-05 13:54:45'),
(41, 23, '60427f125f6e7.pdf', 2, 1, '2021-03-05 13:57:22'),
(42, 23, '60427fa88142b.pdf', 2, 1, '2021-03-05 13:59:52'),
(43, 23, '6042804a05599.pdf', 2, 1, '2021-03-05 14:02:33'),
(44, 18, '60428522074f3.pdf', 2, 1, '2021-03-05 14:23:14'),
(45, 18, '6042856804684.pdf', 2, 1, '2021-03-05 14:24:24'),
(46, 22, '604285fec56ec.pdf', 2, 1, '2021-03-05 14:26:54'),
(47, 22, '60428614d1caf.pdf', 2, 1, '2021-03-05 14:27:16'),
(48, 26, '604287853d262.pdf', 2, 1, '2021-03-05 14:33:25'),
(49, 26, '6042880337996.pdf', 2, 1, '2021-03-05 14:35:31'),
(50, 29, '604288646c266.pdf', 2, 1, '2021-03-05 14:37:08'),
(51, 29, '604288b7087b3.pdf', 2, 1, '2021-03-05 14:38:31'),
(52, 15, '60428b4f1ec57.pdf', 2, 1, '2021-03-05 14:49:35'),
(53, 16, '60428fa2a2e71.pdf', 2, 1, '2021-03-05 15:08:02'),
(54, 16, '604290a6c1396.pdf', 2, 1, '2021-03-05 15:12:22'),
(55, 1, '6042978a5df0d.pdf', 2, 1, '2021-03-05 15:41:46'),
(56, 8, '6042addf4aa1e.pdf', 2, 1, '2021-03-05 17:17:03'),
(57, 8, '6046508768878.pdf', 2, 1, '2021-03-08 11:27:51'),
(58, 1, '6046a155bf473.pdf', 2, 1, '2021-03-08 17:12:37'),
(59, 8, '6046a28f8a274.pdf', 2, 1, '2021-03-08 17:17:51'),
(60, 12, '6046a393cdeb7.pdf', 2, 1, '2021-03-08 17:22:11'),
(61, 12, '6046a41c2f264.pdf', 2, 1, '2021-03-08 17:24:28'),
(62, 9, '6046a54089b09.pdf', 2, 1, '2021-03-08 17:29:20'),
(63, 15, '6046a60869c67.pdf', 2, 1, '2021-03-08 17:32:40'),
(64, 15, '6046a6c090891.pdf', 2, 1, '2021-03-08 17:35:44'),
(65, 15, '6046a75d759a4.pdf', 2, 1, '2021-03-08 17:38:21'),
(66, 15, '6046a82a3567e.pdf', 2, 1, '2021-03-08 17:41:46'),
(67, 15, '6046a8ac69603.pdf', 2, 1, '2021-03-08 17:43:56'),
(68, 19, '6046a9fa21c0e.pdf', 2, 1, '2021-03-08 17:49:30'),
(69, 19, '6046ac28f0f19.pdf', 2, 1, '2021-03-08 17:58:48'),
(70, 23, '6046aeac5ddd6.pdf', 2, 1, '2021-03-08 18:09:32'),
(71, 23, '6046af8d54b37.pdf', 2, 1, '2021-03-08 18:13:17'),
(72, 12, '6046b23fe4983.pdf', 2, 1, '2021-03-08 18:24:47'),
(73, 26, '6046b2f4a90c6.pdf', 2, 1, '2021-03-08 18:27:48'),
(74, 1, '6047984e6f69d.pdf', 2, 1, '2021-03-09 10:46:22'),
(75, 8, '60479e9796d33.pdf', 2, 1, '2021-03-09 11:13:11'),
(76, 32, '60479f0c6f44e.pdf', 2, 1, '2021-03-09 11:15:08'),
(77, 7, '6047af7a2e0d4.pdf', 2, 1, '2021-03-09 12:25:14'),
(78, 26, '6047b058221c8.pdf', 2, 1, '2021-03-09 12:28:56'),
(79, 22, '6047f17804830.pdf', 2, 1, '2021-03-09 17:06:47'),
(80, 22, '6047f1c0688b4.pdf', 2, 1, '2021-03-09 17:08:00'),
(81, 5, '6048e47fb563a.pdf', 2, 1, '2021-03-10 10:23:43'),
(82, 7, '6048e86ad18a2.pdf', 2, 1, '2021-03-10 10:40:26'),
(83, 20, '60494b5ce2894.pdf', 2, 1, '2021-03-10 17:42:36'),
(84, 7, '604a46a876db0.pdf', 2, 1, '2021-03-11 11:34:48'),
(85, 1, '604a6b8b02f08.pdf', 2, 1, '2021-03-11 14:12:10'),
(86, 12, '604a6c6c3c8d2.pdf', 2, 1, '2021-03-11 14:15:56'),
(87, 10, '604a6d6a7f785.pdf', 2, 1, '2021-03-11 14:20:10'),
(88, 29, '604a707ce900c.pdf', 2, 1, '2021-03-11 14:33:16'),
(89, 15, '604aa052655c0.pdf', 2, 1, '2021-03-11 17:57:21'),
(90, 12, '604bb82a1a8fe.pdf', 2, 1, '2021-03-12 13:51:22'),
(91, 26, '604bbe3e671e4.pdf', 2, 1, '2021-03-12 14:17:18'),
(92, 15, '604bc1e924f4f.pdf', 2, 1, '2021-03-12 14:32:57'),
(93, 20, '604bc2f4480b9.pdf', 2, 1, '2021-03-12 14:37:24'),
(94, 23, '604bc3eb782b2.pdf', 2, 1, '2021-03-12 14:41:31'),
(95, 34, '604bc6cc5093b.pdf', 2, 1, '2021-03-12 14:53:48'),
(96, 34, '604bc80f63d9c.pdf', 2, 1, '2021-03-12 14:59:11'),
(97, 33, '604bc92336f73.pdf', 2, 1, '2021-03-12 15:03:47'),
(98, 20, '604bdc7dd2f12.pdf', 2, 1, '2021-03-12 16:26:21'),
(99, 15, '604cd2e12b6ad.pdf', 2, 1, '2021-03-13 09:57:37'),
(100, 15, '604cd2ec5f4d3.pdf', 2, 1, '2021-03-13 09:57:48'),
(101, 20, '604ce59797a98.pdf', 2, 1, '2021-03-13 11:17:27'),
(102, 12, '604cec63d101c.pdf', 2, 1, '2021-03-13 11:46:27'),
(103, 12, '604f99dbc8cc5.pdf', 2, 1, '2021-03-15 12:31:07'),
(104, 13, '604f9b708a13a.pdf', 2, 1, '2021-03-15 12:37:52'),
(105, 2, '604f9c3946e90.pdf', 2, 1, '2021-03-15 12:41:13'),
(106, 15, '604f9da21bd8f.pdf', 2, 1, '2021-03-15 12:47:14'),
(107, 7, '604f9e41ddc3c.pdf', 2, 1, '2021-03-15 12:49:53'),
(108, 23, '604fa2707f70a.pdf', 2, 1, '2021-03-15 13:07:44'),
(109, 24, '604fa40e2fa6d.pdf', 2, 1, '2021-03-15 13:14:38'),
(110, 26, '604fa6a2df3ee.pdf', 2, 1, '2021-03-15 13:25:38'),
(111, 32, '604fa898bc57c.pdf', 2, 1, '2021-03-15 13:34:00'),
(112, 5, '604fab7d2979f.pdf', 2, 1, '2021-03-15 13:46:21'),
(113, 34, '604faca854752.pdf', 2, 1, '2021-03-15 13:51:20'),
(114, 33, '604fae1a1be32.pdf', 2, 1, '2021-03-15 13:57:30'),
(115, 32, '604fc333b1052.pdf', 2, 1, '2021-03-15 15:27:31'),
(116, 12, '604fda6cb7f15.pdf', 2, 1, '2021-03-15 17:06:36'),
(117, 27, '6050dc0b10c8c.pdf', 2, 1, '2021-03-16 11:25:47'),
(118, 26, '6050f5d05848f.pdf', 2, 1, '2021-03-16 13:15:44'),
(119, 12, '605115316cd19.pdf', 2, 1, '2021-03-16 15:29:37'),
(120, 18, '605139ac47edb.pdf', 2, 1, '2021-03-16 18:05:16'),
(121, 23, '60513daf6f810.pdf', 2, 1, '2021-03-16 18:22:23'),
(122, 12, '6052814b3e74d.pdf', 2, 1, '2021-03-17 17:23:07'),
(123, 23, '60537646f1c10.pdf', 2, 1, '2021-03-18 10:48:22'),
(124, 21, '605377a799f32.pdf', 2, 1, '2021-03-18 10:54:15'),
(125, 29, '60537fe0a399b.pdf', 2, 1, '2021-03-18 11:29:20'),
(126, 12, '6054b7b6ac423.pdf', 2, 1, '2021-03-19 09:39:50'),
(127, 26, '60551f8558c76.pdf', 2, 1, '2021-03-19 17:02:45'),
(128, 26, '6055239c69e33.pdf', 2, 1, '2021-03-19 17:20:12'),
(129, 12, '6058c31874937.pdf', 2, 1, '2021-03-22 11:17:28'),
(130, 8, '6058e54eb071f.pdf', 2, 1, '2021-03-22 13:43:26'),
(131, 8, '6058e83564d63.pdf', 2, 1, '2021-03-22 13:55:49'),
(132, 8, '6058e98726dd0.pdf', 2, 1, '2021-03-22 14:01:27'),
(133, 12, '6058eef4db3d3.pdf', 2, 1, '2021-03-22 14:24:36'),
(134, 13, '6058f0f429c18.pdf', 2, 1, '2021-03-22 14:33:08'),
(135, 2, '6058f18598d51.pdf', 2, 1, '2021-03-22 14:35:33'),
(136, 15, '6058f3e9a1a55.pdf', 2, 1, '2021-03-22 14:45:45'),
(137, 15, '6058f5056ddf0.pdf', 2, 1, '2021-03-22 14:50:29'),
(138, 15, '6058f51b333e8.pdf', 2, 1, '2021-03-22 14:50:51'),
(139, 20, '6058f998eec33.pdf', 2, 1, '2021-03-22 15:10:00'),
(140, 18, '6058fa585b52f.pdf', 2, 1, '2021-03-22 15:13:12'),
(141, 21, '6058fc5a3c754.pdf', 2, 1, '2021-03-22 15:21:46'),
(142, 22, '6059003118e08.pdf', 2, 1, '2021-03-22 15:38:09'),
(143, 21, '60590f9ae43ad.pdf', 2, 1, '2021-03-22 16:43:54'),
(144, 8, '60591452e30a1.pdf', 2, 1, '2021-03-22 17:04:02'),
(145, 11, '605a15f88be2b.pdf', 2, 1, '2021-03-23 11:23:20'),
(146, 26, '605a19d0315da.pdf', 2, 1, '2021-03-23 11:39:44'),
(147, 12, '605a1ccd70de2.pdf', 2, 1, '2021-03-23 11:52:29'),
(148, 15, '605a1f713d152.pdf', 2, 1, '2021-03-23 12:03:45'),
(149, 14, '605a5f964d6d9.pdf', 2, 1, '2021-03-23 16:37:26'),
(150, 23, '605a795f0c108.pdf', 2, 1, '2021-03-23 18:27:27'),
(151, 11, '605b547a2192f.pdf', 2, 1, '2021-03-24 10:02:17'),
(152, 1, '605b72b8dad26.pdf', 2, 1, '2021-03-24 12:11:20'),
(153, 34, '605b838de5b86.pdf', 2, 1, '2021-03-24 13:23:09'),
(154, 1, '605b96338b5b5.pdf', 2, 1, '2021-03-24 14:42:43'),
(155, 32, '605bacdc789ad.pdf', 2, 1, '2021-03-24 16:19:24'),
(157, 32, '605bccf82e673.pdf', 2, 1, '2021-03-24 18:36:24'),
(158, 8, '605bce14ae6ab.pdf', 2, 1, '2021-03-24 18:41:08'),
(159, 29, '605cb3b60aa72.pdf', 2, 1, '2021-03-25 11:00:53'),
(160, 33, '605ce76ac6149.pdf', 2, 1, '2021-03-25 14:41:30'),
(161, 12, '605ce9501155c.pdf', 2, 1, '2021-03-25 14:49:36'),
(162, 22, '605cf14b73605.pdf', 2, 1, '2021-03-25 15:23:39'),
(163, 2, '605e0b166dff5.pdf', 2, 1, '2021-03-26 11:25:58'),
(164, 22, '605e2c247e662.pdf', 2, 1, '2021-03-26 13:47:00'),
(165, 1, '605e36cd9d128.pdf', 2, 1, '2021-03-26 14:32:29'),
(166, 19, '605e554875427.pdf', 2, 1, '2021-03-26 16:42:32'),
(167, 11, '605f428945003.pdf', 2, 1, '2021-03-27 09:34:49'),
(168, 15, '605f429caf836.pdf', 2, 1, '2021-03-27 09:35:08'),
(169, 7, '605f586fcf488.pdf', 2, 1, '2021-03-27 11:08:15'),
(170, 1, '60620f696e92d.pdf', 2, 1, '2021-03-29 12:33:29'),
(171, 1, '606212c0da6c6.pdf', 2, 1, '2021-03-29 12:47:44'),
(172, 12, '60621509ed419.pdf', 2, 1, '2021-03-29 12:57:29'),
(173, 8, '60621577843be.pdf', 2, 1, '2021-03-29 12:59:19'),
(174, 8, '60621633a1ef9.pdf', 2, 1, '2021-03-29 13:02:27'),
(175, 8, '60621722c0ec6.pdf', 2, 1, '2021-03-29 13:06:26'),
(176, 11, '60621a3669984.pdf', 2, 1, '2021-03-29 13:19:34'),
(178, 23, '60621f823777a.pdf', 2, 1, '2021-03-29 13:42:10'),
(179, 33, '606227bb080ae.pdf', 2, 1, '2021-03-29 14:17:15'),
(180, 33, '6062287e208a5.pdf', 2, 1, '2021-03-29 14:20:30'),
(181, 32, '6062433762539.pdf', 2, 1, '2021-03-29 16:14:31'),
(182, 18, '606346207d450.pdf', 2, 1, '2021-03-30 10:39:12'),
(183, 1, '60635779972e8.pdf', 2, 1, '2021-03-30 11:53:13'),
(184, 8, '6064ae6125c53.pdf', 2, 1, '2021-03-31 12:16:17'),
(185, 23, '6064bbca37d0f.pdf', 2, 1, '2021-03-31 13:13:30'),
(186, 21, '6064cff7cb94b.pdf', 2, 1, '2021-03-31 14:39:35'),
(187, 5, '6064e9f09c6c3.pdf', 2, 1, '2021-03-31 16:30:24'),
(188, 1, '6064fd24bcf3e.pdf', 2, 1, '2021-03-31 17:52:20'),
(189, 13, '6064ff574901e.pdf', 2, 1, '2021-03-31 18:01:43'),
(190, 12, '606502d5eaba6.pdf', 2, 1, '2021-03-31 18:16:37'),
(191, 1, '606df11836e32.pdf', 2, 1, '2021-04-07 12:51:20'),
(192, 8, '606df28eaf32e.pdf', 2, 1, '2021-04-07 12:57:34'),
(193, 8, '606df2dbdfb6d.pdf', 2, 1, '2021-04-07 12:58:51'),
(194, 8, '606df33d25217.pdf', 2, 1, '2021-04-07 13:00:29'),
(195, 8, '606df38fd5738.pdf', 2, 1, '2021-04-07 13:01:51'),
(196, 12, '606df4ea9b535.pdf', 2, 1, '2021-04-07 13:07:38'),
(197, 12, '606df5500d00f.pdf', 2, 1, '2021-04-07 13:09:20'),
(198, 12, '606df5d2a3b00.pdf', 2, 1, '2021-04-07 13:11:30'),
(199, 13, '606e031c45476.pdf', 2, 1, '2021-04-07 14:08:12'),
(200, 13, '606e03c534d26.pdf', 2, 1, '2021-04-07 14:11:01'),
(201, 2, '606e0b0304741.pdf', 2, 1, '2021-04-07 14:41:55'),
(202, 13, '606e0ed5474d4.pdf', 2, 1, '2021-04-07 14:58:13'),
(203, 13, '606e1139ca228.pdf', 2, 1, '2021-04-07 15:08:25'),
(204, 7, '606e298a7cf4a.pdf', 2, 1, '2021-04-07 16:52:10'),
(205, 20, '606e2b403ab9f.pdf', 2, 1, '2021-04-07 16:59:28'),
(206, 20, '606e2b8c11ddf.pdf', 2, 1, '2021-04-07 17:00:44'),
(207, 21, '606e338fcd10e.pdf', 2, 1, '2021-04-07 17:34:55'),
(208, 21, '606e34124d9c3.pdf', 2, 1, '2021-04-07 17:37:06'),
(209, 22, '606e358e82bad.pdf', 2, 1, '2021-04-07 17:43:26'),
(210, 22, '606e360651cd5.pdf', 2, 1, '2021-04-07 17:45:26'),
(211, 26, '606e37ceea602.pdf', 2, 1, '2021-04-07 17:53:02'),
(212, 35, '606e3a1b10892.pdf', 2, 1, '2021-04-07 18:02:51'),
(213, 35, '606e3abb2ea39.pdf', 2, 1, '2021-04-07 18:05:31'),
(214, 35, '606e3ad10badf.pdf', 2, 1, '2021-04-07 18:05:53'),
(215, 35, '606e3bc1b72fd.pdf', 2, 1, '2021-04-07 18:09:53'),
(216, 23, '606e3e44ee6f2.pdf', 2, 1, '2021-04-07 18:20:36'),
(217, 37, '606e405f6be40.pdf', 2, 1, '2021-04-07 18:29:35'),
(218, 37, '606e406a43b7b.pdf', 2, 1, '2021-04-07 18:29:46'),
(219, 38, '606f1693204a0.pdf', 2, 1, '2021-04-08 09:43:31'),
(220, 38, '606f17f120149.pdf', 2, 1, '2021-04-08 09:49:21'),
(221, 38, '606f184f280b8.pdf', 2, 1, '2021-04-08 09:50:55'),
(222, 9, '606f1c2e72741.pdf', 2, 1, '2021-04-08 10:07:26'),
(223, 8, '606f1d200ad54.pdf', 2, 1, '2021-04-08 10:11:28'),
(224, 38, '606f21d76bf07.pdf', 2, 1, '2021-04-08 10:31:35'),
(225, 38, '606f22de8f918.pdf', 2, 1, '2021-04-08 10:35:58'),
(226, 38, '606f236c834bf.pdf', 2, 1, '2021-04-08 10:38:20'),
(227, 38, '606f23ae2a8d0.pdf', 2, 1, '2021-04-08 10:39:26'),
(228, 41, '606f272eeaf0f.pdf', 2, 1, '2021-04-08 10:54:22'),
(229, 41, '606f277980d3b.pdf', 2, 1, '2021-04-08 10:55:37'),
(230, 41, '606f27b6c110b.pdf', 2, 1, '2021-04-08 10:56:38'),
(231, 41, '606f28c5d5c0a.pdf', 2, 1, '2021-04-08 11:01:09'),
(232, 22, '606f2d52c755b.pdf', 2, 1, '2021-04-08 11:20:34'),
(233, 40, '606f2e9e5defb.pdf', 2, 1, '2021-04-08 11:26:06'),
(234, 43, '606f32c54fc76.pdf', 2, 1, '2021-04-08 11:43:49'),
(235, 23, '606f7f54c0359.pdf', 2, 1, '2021-04-08 17:10:28'),
(236, 15, '606f8bf35bd2c.pdf', 2, 1, '2021-04-08 18:04:19'),
(237, 13, '606f936d84eef.pdf', 2, 1, '2021-04-08 18:36:13'),
(238, 38, '60705d23c3631.pdf', 2, 1, '2021-04-09 08:56:51'),
(239, 26, '60705d5931d91.pdf', 2, 1, '2021-04-09 08:57:45'),
(240, 21, '607062ef22973.pdf', 2, 1, '2021-04-09 09:21:35'),
(241, 34, '6070a4766e644.pdf', 2, 1, '2021-04-09 14:01:10'),
(242, 7, '6070e4b06c577.pdf', 2, 1, '2021-04-09 18:35:12'),
(243, 12, '6074bfc26bf2f.pdf', 2, 1, '2021-04-12 16:46:42'),
(244, 12, '6074c044840fe.pdf', 2, 1, '2021-04-12 16:48:52'),
(245, 2, '6074c283cd1d7.pdf', 2, 1, '2021-04-12 16:58:27'),
(246, 12, '6074ca5b2559d.pdf', 2, 1, '2021-04-12 17:31:55'),
(247, 23, '6074cb88271fb.pdf', 2, 1, '2021-04-12 17:36:56'),
(248, 21, '6074cd2042f2a.pdf', 2, 1, '2021-04-12 17:43:44'),
(249, 22, '6074ce8d2c70f.pdf', 2, 1, '2021-04-12 17:49:49'),
(250, 22, '6074cef7f2130.pdf', 2, 1, '2021-04-12 17:51:35'),
(251, 33, '6074d1f4a91d9.pdf', 2, 1, '2021-04-12 18:04:20'),
(252, 35, '6074d2b9dc5be.pdf', 2, 1, '2021-04-12 18:07:37'),
(253, 38, '6074d3df5ea39.pdf', 2, 1, '2021-04-12 18:12:31'),
(254, 41, '6074d691cc335.pdf', 2, 1, '2021-04-12 18:24:01'),
(255, 36, '6074d76aefc4b.pdf', 2, 1, '2021-04-12 18:27:38'),
(256, 9, '6074dbc12de5e.pdf', 2, 0, '2021-04-12 18:46:09'),
(257, 35, '6075c1615abf7.pdf', 2, 1, '2021-04-13 11:05:53'),
(258, 12, '6075c75045b95.pdf', 2, 1, '2021-04-13 11:31:12'),
(259, 41, '6075ccc85a87f.pdf', 2, 1, '2021-04-13 11:54:32'),
(260, 19, '607606e14ba24.pdf', 2, 1, '2021-04-13 16:02:25'),
(261, 21, '60761807deb1c.pdf', 2, 1, '2021-04-13 17:15:35'),
(262, 10, '60770bded568e.pdf', 2, 1, '2021-04-14 10:35:58'),
(263, 15, '60770ceb98945.pdf', 2, 1, '2021-04-14 10:40:27'),
(264, 8, '607714771c456.pdf', 2, 0, '2021-04-14 11:12:39'),
(265, 21, '607734978d30a.pdf', 2, 0, '2021-04-14 13:29:43');

-- --------------------------------------------------------

--
-- Estructura de tabla para la tabla `t_subagentes_vouchers`
--

CREATE TABLE `t_subagentes_vouchers` (
  `id` int(11) NOT NULL,
  `id_subagente_venta` int(11) NOT NULL,
  `fecha_operacion` text NOT NULL,
  `nro_operacion` int(11) NOT NULL,
  `banco` text NOT NULL,
  `nombre_cuenta` text NOT NULL,
  `nombre_archivo_imagen` text NOT NULL,
  `observaciones` text NOT NULL,
  `id_usuario` int(11) NOT NULL,
  `fecha_creacion` datetime NOT NULL
) ENGINE=InnoDB DEFAULT CHARSET=utf8mb4;

--
-- Volcado de datos para la tabla `t_subagentes_vouchers`
--

INSERT INTO `t_subagentes_vouchers` (`id`, `id_subagente_venta`, `fecha_operacion`, `nro_operacion`, `banco`, `nombre_cuenta`, `nombre_archivo_imagen`, `observaciones`, `id_usuario`, `fecha_creacion`) VALUES
(1, 3, '2021-03-04', 2627939, 'interbank ', 'carlos valdivia ', '604262883a050_0.jpeg', '', 2, '2021-03-05 12:03:10'),
(2, 4, '2021-03-01', 7651353, 'interbank', 'carlos valdivia', '604262a4999ad_0.jpeg', '', 2, '2021-03-05 12:05:11'),
(3, 6, '2021-03-01', 7651474, 'interbank', 'carlos valdivia ', '6042635cd0ae5_0.jpeg', '', 2, '2021-03-05 12:06:22'),
(4, 7, '2021-03-03', 2724279, 'interbank', 'carlos valdivia', '60426376ea9d1_0.jpeg', '', 2, '2021-03-05 12:12:37'),
(5, 8, '2021-03-03', 2723651, 'interbank', 'carlos valdivia ', '6042638f856b7_0.jpeg', '', 2, '2021-03-05 12:15:43'),
(6, 9, '2021-03-04', 2627769, 'interbank', 'carlos valdivia', '604263c776bee_0.jpeg', '', 2, '2021-03-05 12:16:38'),
(7, 10, '2021-03-03', 2725744, 'interbank', 'carlos valdivia', '604263ec8c2a5_0.jpeg', '', 2, '2021-03-05 12:17:43'),
(9, 11, '2021-03-01', 915501, 'bcp', 'sonia castelo ', '60426af4c8397_0.jpeg', '', 2, '2021-03-05 12:47:28'),
(10, 12, '2021-03-05', 232353, 'bcp', 'sonia castelo', '60426f3e2e644_0.jpeg', '', 2, '2021-03-05 12:52:08'),
(11, 13, '2021-03-02', 36270332, 'bcp', 'la positiva ', '6042706000656_0.jpeg', '', 2, '2021-03-05 12:56:07'),
(12, 14, '2021-03-03', 57025388, 'bcp', 'la positiva ', '604270dab84b2_0.jpeg', '', 2, '2021-03-05 12:59:05'),
(13, 15, '2021-03-03', 57014827, 'bcp', 'la positiva', '604270fe808e1_0.jpeg', '', 2, '2021-03-05 13:00:24'),
(14, 16, '2021-03-04', 352487, 'bcp', 'la positiva ', '604271ec5fe53_0.jpeg', '', 2, '2021-03-05 13:02:16'),
(15, 17, '2021-03-04', 152, 'bbva', 'c&v', '604272c225b31_0.jpeg', '', 2, '2021-03-05 13:06:20'),
(16, 20, '2021-03-01', 657455, 'bcp', 'la positiva', '604274381e0bc_0.jpeg', '', 2, '2021-03-05 13:17:20'),
(17, 21, '2021-03-02', 215768, 'bcp', 'la positiva', '604275c56e6d5_0.jpeg', '', 2, '2021-03-05 13:18:20'),
(18, 22, '2021-03-02', 232916, 'bcp', 'sonia castelo', '60427609992a8_0.jpeg', '', 2, '2021-03-05 13:19:20'),
(19, 23, '2021-03-03', 809016, 'bcp', 'sonia castelo', '604276421b2b8_0.jpeg', '', 2, '2021-03-05 13:20:25'),
(20, 24, '2021-03-04', 806292, 'bcp', 'sonia castelo ', '6042768526dfe_0.jpeg', '', 2, '2021-03-05 13:21:26'),
(21, 25, '2021-03-04', 176794, 'bcp', 'sonia castelo', '604276bea429d_0.jpeg', '', 2, '2021-03-05 13:22:24'),
(22, 26, '2021-03-04', 275706, 'bcp', 'la positiva', '6042770b62353_0.jpeg', '', 2, '2021-03-05 13:23:37'),
(23, 27, '2021-03-02', 338921, 'interbank', 'carlos valdivia', '604278a967e01_0.jpeg', '', 2, '2021-03-05 13:30:54'),
(24, 32, '2021-03-02', 0, 'bcp', 'sonia castelo ', '60427b70f2f7c_0.jpeg', '', 2, '2021-03-05 13:43:03'),
(25, 33, '2021-03-04', 9182, 'scotiabank', 'carlos valdivia', '60427bf1cbcad_0.jpeg', '', 2, '2021-03-05 13:44:43'),
(26, 34, '2021-03-04', 9196, 'scotiabank', 'carlos valdivia ', '60427c36d333b_0.jpeg', '', 2, '2021-03-05 13:45:49'),
(27, 35, '2021-03-04', 9198, 'scotiabank', 'carlos valdivia ', '60427c7074dcd_0.jpeg', '', 2, '2021-03-05 13:46:51'),
(28, 36, '2021-03-05', 9241, 'scotiabank', 'carlos valdivia', '60427cd3b9b94_0.jpeg', '', 2, '2021-03-05 13:49:16'),
(29, 37, '2021-03-03', 2669, 'scotiabank', 'carlos valdivia', '60427d67c23b5_0.jpeg', '', 2, '2021-03-05 13:51:03'),
(30, 39, '2021-03-03', 438058, 'bcp', 'sonia castelo', '60427e34971bd_0.jpeg', '', 2, '2021-03-05 13:54:09'),
(31, 40, '2021-03-01', 721949, 'bcp', 'la positiva', '60427e75c8f8f_0.jpeg', '', 2, '2021-03-05 13:55:21'),
(32, 41, '2021-03-01', 3899, 'scotiabank', 'carlos valdivia', '60427f125f6e7_0.jpeg', '', 2, '2021-03-05 13:58:29'),
(33, 42, '2021-03-03', 4036, 'scotiabank', 'carlos valdivia', '60427fa88142b_0.jpeg', '', 2, '2021-03-05 14:00:29'),
(34, 43, '2021-03-04', 4155, 'scotiabank', 'carlos valvidia', '6042804a05599_0.jpeg', '', 2, '2021-03-05 14:03:07'),
(35, 44, '2021-03-01', 5349, 'scotiabank', 'carlos valdivia', '60428522074f3_0.jpeg', '', 2, '2021-03-05 14:23:52'),
(36, 45, '2021-03-03', 5634, 'scotiabank', 'carlos valdivia', '6042856804684_0.jpeg', '', 2, '2021-03-05 14:24:55'),
(37, 46, '2021-03-03', 0, 'bcp', 'carlos valdivia', '604285fec56ec_0.jpeg', '', 2, '2021-03-05 14:28:13'),
(38, 47, '2021-03-03', 0, 'bcp', 'carlos valdivia', '60428614d1caf_0.jpeg', '', 2, '2021-03-05 14:28:46'),
(40, 50, '2021-03-04', 789477, 'bcp', 'la positiva', '604288646c266_0.jpeg', '', 2, '2021-03-05 14:38:04'),
(41, 51, '2021-03-05', 996910, 'bcp', 'la positiva', '604288b7087b3_0.jpeg', '', 2, '2021-03-05 14:40:33'),
(42, 53, '2021-03-03', 64184416, 'bcp', 'sonia castelo', '60428fa2a2e71_0.jpeg', '', 2, '2021-03-05 15:09:55'),
(43, 54, '2021-03-04', 97359317, 'bcp', 'la positiva', '604290a6c1396_0.jpeg', '', 2, '2021-03-05 15:13:09'),
(44, 52, '2021-03-05', 9309, 'scotiabank', 'carlos valdivia', '60428b4f1ec57_0.jpeg', '', 2, '2021-03-05 15:49:40'),
(45, 48, '2021-03-02', 283464, 'bcp', 'sonia castelo', '604287853d262_0.jpeg', '', 2, '2021-03-05 15:54:47'),
(46, 38, '2021-03-05', 805498, 'bcp', 'la positiva', '60427e10a1311_0.jpeg', '', 2, '2021-03-05 17:16:34'),
(47, 56, '2021-03-05', 161, 'bbva', 'c&v', '6042addf4aa1e_0.png', '', 2, '2021-03-08 11:32:08'),
(48, 57, '2021-03-05', 162, 'bbva', 'c&v', '6046508768878_0.png', '', 2, '2021-03-08 11:33:55'),
(49, 18, '2021-03-05', 159, 'bbva', 'c&v', '60427368db116_0.png', '', 2, '2021-03-08 11:36:19'),
(50, 19, '2021-03-05', 160, 'bbva', 'c&v', '6042738029f3c_0.png', '', 2, '2021-03-08 11:37:11'),
(51, 1, '2021-03-05', 985306, 'bcp', 'carlos valdivia ', '6042600a24dcf_0.jpeg', '', 2, '2021-03-08 12:55:26'),
(52, 2, '2021-03-05', 982425, 'bcp ', 'la positiva', '6042601c27652_0.jpeg', '', 2, '2021-03-08 12:56:08'),
(53, 55, '2021-03-06', 205498, 'bcp', 'sonia castelo ', '6042978a5df0d_0.jpeg', '', 2, '2021-03-08 12:59:10'),
(54, 49, '2021-03-05', 15913, 'bcp', 'sonia castelo', '6042880337996_0.jpeg', 'deposito s/. 5.00 demás', 2, '2021-03-08 13:04:34'),
(55, 28, '2021-03-08', 0, 'bcp', 'carlos valdivia', '6042798d9828e_0.jpeg', '', 2, '2021-03-08 15:24:03'),
(56, 29, '2021-03-08', 0, 'bcp', 'carlos valdivia', '604279b411646_0.jpeg', '', 2, '2021-03-08 15:24:56'),
(57, 30, '2021-03-08', 0, 'bcp', 'carlos valdivia ', '604279cacea7d_0.jpeg', '', 2, '2021-03-08 16:23:17'),
(58, 31, '2021-03-08', 0, 'bcp', 'carlos valdivia', '604279f167b17_0.jpeg', '', 2, '2021-03-08 16:23:48'),
(59, 58, '2021-03-08', 73484, 'bcp', 'sonia castelo', '6046a155bf473_0.jpeg', '', 2, '2021-03-08 17:13:21'),
(60, 60, '2021-03-06', 511043, 'bcp', 'la positiva ', '6046a393cdeb7_0.jpeg', '', 2, '2021-03-08 17:22:58'),
(61, 61, '2021-03-08', 698790, 'bcp', 'sonia castelo', '6046a41c2f264_0.jpeg', '', 2, '2021-03-08 17:26:15'),
(62, 63, '2021-03-06', 9361, 'scotiabank', 'carlos valdivia ', '6046a60869c67_0.jpeg', '', 2, '2021-03-08 17:34:29'),
(63, 64, '2021-03-06', 9365, 'scotiabank', 'carlos valdivia', '6046a6c090891_0.jpeg', '', 2, '2021-03-08 17:37:00'),
(64, 65, '2021-03-06', 9371, 'scotiabank ', 'carlos valdivia ', '6046a75d759a4_0.jpeg', '', 2, '2021-03-08 17:39:51'),
(65, 66, '2021-03-08', 9401, 'scotiabank', 'carlos valdivia ', '6046a82a3567e_0.jpeg', '', 2, '2021-03-08 17:42:42'),
(66, 67, '2021-03-08', 9421, 'scotiabank ', 'carlos valdivia ', '6046a8ac69603_0.jpeg', '', 2, '2021-03-08 17:45:14'),
(67, 68, '2021-03-06', 295807, 'bcp', 'sonia castelo ', '6046a9fa21c0e_0.jpeg', '', 2, '2021-03-08 17:57:27'),
(68, 69, '2021-03-06', 417719, 'bcp', 'sonia castelo', '6046ac28f0f19_0.jpeg', '', 2, '2021-03-08 18:00:07'),
(69, 70, '2021-03-05', 4212, 'scotiabank', 'carlos valdivia', '6046aeac5ddd6_0.jpeg', '', 2, '2021-03-08 18:11:13'),
(70, 71, '2021-03-06', 4272, 'scotiabank', 'carlos valdivia ', '6046af8d54b37_0.jpeg', '', 2, '2021-03-08 18:13:54'),
(71, 72, '2021-03-08', 696175, 'bcp', 'la positiva', '6046b23fe4983_0.jpeg', '', 2, '2021-03-08 18:33:20'),
(72, 73, '2021-03-08', 758640, 'bcp', 'sonia castelo', '6046b2f4a90c6_0.jpeg', '', 2, '2021-03-09 10:59:20'),
(73, 59, '2021-03-08', 165, 'bbva', 'c&v', '6046a28f8a274_0.jpeg', '', 2, '2021-03-09 11:01:32'),
(74, 76, '2021-03-09', 49641, 'bcp', 'la positiva', '60479f0c6f44e_0.jpeg', '', 2, '2021-03-09 11:17:27'),
(75, 77, '2021-03-09', 2947, 'scotiabank ', 'carlos valdivia', '6047af7a2e0d4_0.jpeg', '', 2, '2021-03-09 12:27:34'),
(76, 75, '2021-03-09', 166, 'bbva', 'c&v', '60479e9796d33_0.jpeg', '', 2, '2021-03-09 12:30:46'),
(77, 74, '2021-03-09', 79142, 'bcp ', 'sonia castelo', '6047984e6f69d_0.jpeg', '', 2, '2021-03-10 10:21:21'),
(78, 81, '2021-03-10', 277879, 'bcp', 'la positiva', '6048e47fb563a_0.jpeg', '', 2, '2021-03-10 10:31:46'),
(79, 82, '2021-03-09', 2970, 'scotiabank', 'carlos valdivia', '6048e86ad18a2_0.jpeg', '', 2, '2021-03-10 10:41:51'),
(80, 79, '2021-03-09', 0, 'bcp', 'carlos valdivia', '6047f17804830_0.jpeg', '', 2, '2021-03-10 10:46:57'),
(81, 80, '2021-03-09', 0, 'bcp', 'carlos valdivia', '6047f1c0688b4_0.jpeg', '', 2, '2021-03-10 10:47:59'),
(82, 85, '2021-03-11', 653163, 'bcp', 'sonia castelo', '604a6b8b02f08_0.jpeg', '', 2, '2021-03-11 14:12:41'),
(83, 86, '2021-03-11', 415117, 'bcp', 'la positiva', '604a6c6c3c8d2_0.jpeg', '', 2, '2021-03-11 14:17:32'),
(84, 87, '2021-03-11', 453723, 'bcp', 'la positiva', '604a6d6a7f785_0.jpeg', '', 2, '2021-03-11 14:21:23'),
(85, 84, '2021-03-11', 3062, 'scotiabank', 'carlos valdivia', '604a46a876db0_0.jpeg', '', 2, '2021-03-11 14:25:24'),
(86, 83, '2021-03-10', 980648, 'bcp', 'sonia castelo', '60494b5ce2894_0.jpeg', '', 2, '2021-03-11 14:28:00'),
(87, 78, '2021-03-10', 12684, 'scotiabank', 'carlos valdivia', '6047b058221c8_0.jpeg', '', 2, '2021-03-11 14:31:28'),
(88, 90, '2021-03-12', 368666, 'bcp', 'la positiva', '604bb82a1a8fe_0.jpeg', '', 2, '2021-03-12 13:57:59'),
(89, 89, '2021-03-11', 9740, 'scotiabank', 'carlos valdivia', '604aa052655c0_0.jpeg', '', 2, '2021-03-12 14:07:18'),
(90, 92, '2021-03-12', 9780, 'scotiabank', 'carlos valdivia ', '604bc1e924f4f_0.jpeg', '', 2, '2021-03-12 14:34:34'),
(91, 93, '2021-03-12', 756342, 'bcp', 'sonia castelo', '604bc2f4480b9_0.jpeg', '', 2, '2021-03-12 14:39:22'),
(92, 94, '2021-03-12', 4738, 'scotiabank', 'carlos valdivia', '604bc3eb782b2_0.jpeg', '', 2, '2021-03-12 14:42:57'),
(93, 88, '2021-03-12', 359677, 'bcp', 'la positiva', '604a707ce900c_0.jpeg', '', 2, '2021-03-12 14:50:56'),
(94, 95, '2021-03-06', 163, 'bbva', 'c&v', '604bc6cc5093b_0.jpeg', '', 2, '2021-03-12 14:56:08'),
(95, 99, '2021-03-13', 9850, 'scotiabank', 'carlos valdivia', '604cd2e12b6ad_0.jpeg', '', 2, '2021-03-13 10:48:43'),
(96, 100, '2021-03-13', 9853, 'scotiabank', 'carlos valdivia', '604cd2ec5f4d3_0.jpeg', '', 2, '2021-03-13 10:50:21'),
(97, 98, '2021-03-13', 619010, 'bcp', 'la positiva', '604bdc7dd2f12_0.jpeg', '', 2, '2021-03-13 10:58:21'),
(98, 102, '2021-03-13', 845614, 'bcp ', 'sonia castelo', '604cec63d101c_0.jpeg', '', 2, '2021-03-13 11:59:43'),
(99, 103, '2021-03-15', 970917, 'bcp', 'la positiva', '604f99dbc8cc5_0.jpeg', '', 2, '2021-03-15 12:31:45'),
(100, 104, '2021-03-13', 926814, 'interbank', 'carlos valdivia ', '604f9b708a13a_0.jpeg', '', 2, '2021-03-15 12:38:40'),
(101, 105, '2021-03-12', 464865, 'bcp ', 'la positiva', '604f9c3946e90_0.jpeg', '', 2, '2021-03-15 12:42:52'),
(102, 106, '2021-03-13', 9883, 'scotiabank', 'carlos valdivia ', '604f9da21bd8f_0.jpeg', '', 2, '2021-03-15 12:47:41'),
(103, 108, '2021-03-15', 4920, 'scotiabank', 'carlos valdivia ', '604fa2707f70a_0.jpeg', '', 2, '2021-03-15 13:09:24'),
(104, 96, '2021-03-12', 183, 'bbva', 'c&v', '604bc80f63d9c_0.jpeg', '', 2, '2021-03-15 13:49:16'),
(105, 97, '2021-03-12', 162, 'bbva', 'c&v', '604bc92336f73_0.jpeg', '', 2, '2021-03-15 13:55:12'),
(106, 114, '2021-03-15', 186, 'bbva', 'c&v', '604fae1a1be32_0.jpeg', '', 2, '2021-03-15 14:20:13'),
(107, 112, '2021-03-15', 625767, 'bcp', 'sonia castelo', '604fab7d2979f_0.jpeg', '', 2, '2021-03-15 15:38:29'),
(108, 62, '2021-03-15', 0, 'bcp', 'sonia castelo', '6046a54089b09_0.jpeg', '', 2, '2021-03-15 15:49:56'),
(109, 91, '2021-03-13', 12697, 'scotiabank', 'carlos valdivia', '604bbe3e671e4_0.jpeg', '', 2, '2021-03-15 15:53:48'),
(110, 116, '2021-03-15', 964384, 'bcp', 'la positiva', '604fda6cb7f15_0.jpeg', '', 2, '2021-03-15 17:33:58'),
(111, 115, '2021-03-15', 191, 'bbva', 'c&v', '604fc333b1052_0.jpeg', '', 2, '2021-03-16 10:44:56'),
(112, 117, '2021-03-16', 22207, 'scotiabank', 'carlos valdivia ', '6050dc0b10c8c_0.jpeg', '', 2, '2021-03-16 11:34:01'),
(113, 113, '2021-03-16', 198, 'bbva', 'c&v', '604faca854752_0.jpeg', '', 2, '2021-03-16 11:35:57'),
(114, 111, '2021-03-16', 632710, 'bcp', 'la positiva', '604fa898bc57c_0.jpeg', '', 2, '2021-03-16 13:02:49'),
(115, 107, '2021-03-16', 3317, 'scotiabank', 'carlos valdivia', '604f9e41ddc3c_0.jpeg', '', 2, '2021-03-16 13:15:38'),
(116, 110, '2021-03-16', 4514, 'scotiabank', 'carlos valdivia', '604fa6a2df3ee_0.jpeg', '', 2, '2021-03-16 13:32:51'),
(117, 101, '2021-03-15', 337064, 'bcp', 'la positiva', '604ce59797a98_0.jpeg', '', 2, '2021-03-16 15:33:18'),
(118, 119, '2021-03-16', 143586, 'bcp', 'sonia castelo', '605115316cd19_0.jpeg', '', 2, '2021-03-16 16:24:58'),
(119, 121, '2021-03-16', 5030, 'scotiabank', 'carlos valdivia', '60513daf6f810_0.jpeg', '', 2, '2021-03-16 18:22:56'),
(120, 120, '2021-03-16', 7246, 'scotiabank', 'carlos valdivia ', '605139ac47edb_0.jpeg', '', 2, '2021-03-16 18:25:01'),
(121, 122, '2021-03-17', 130465, 'bcp', 'la positiva', '6052814b3e74d_0.jpeg', '', 2, '2021-03-17 17:23:41'),
(122, 123, '2021-03-17', 5114, 'scotiabank', 'carlos valdivia', '60537646f1c10_0.jpeg', '', 2, '2021-03-18 10:48:58'),
(123, 124, '2021-03-17', 778794, 'bcp', 'sonia castelo ', '605377a799f32_0.jpeg', '', 2, '2021-03-18 10:56:19'),
(124, 125, '2021-03-17', 696365, 'bcp', 'la positiva', '60537fe0a399b_0.jpeg', '', 2, '2021-03-18 11:30:39'),
(125, 118, '2021-03-18', 12750, 'scotiabank', 'carlos valdivia', '6050f5d05848f_0.jpeg', '', 2, '2021-03-18 17:27:11'),
(126, 126, '2021-03-19', 46102, 'bcp', 'sonia castelo', '6054b7b6ac423_0.jpeg', '', 2, '2021-03-19 13:29:48'),
(127, 127, '2021-03-19', 730322, 'bcp', 'sonia castelo', '60551f8558c76_0.jpeg', '', 2, '2021-03-19 17:27:12'),
(128, 109, '2021-03-19', 18342, 'interbank', 'carlos valdivia ', '604fa40e2fa6d_0.jpeg', '', 2, '2021-03-22 11:21:16'),
(129, 131, '2021-03-22', 210, 'bbva', 'c&v', '6058e83564d63_0.jpeg', '', 2, '2021-03-22 14:04:48'),
(130, 132, '2021-03-22', 209, 'bbva', 'c&v', '6058e98726dd0_0.jpeg', '', 2, '2021-03-22 14:08:21'),
(131, 130, '2021-03-22', 211, 'bbva', 'c&v', '6058e54eb071f_0.jpeg', '', 2, '2021-03-22 14:11:33'),
(132, 133, '2021-03-20', 157575, 'bcp', 'sonia castelo', '6058eef4db3d3_0.jpeg', '', 2, '2021-03-22 14:25:25'),
(133, 129, '2021-03-22', 814491, 'bcp', 'la positiva', '6058c31874937_0.jpeg', '', 2, '2021-03-22 14:28:35'),
(134, 135, '2021-03-20', 110268, 'bcp', 'la positiva', '6058f18598d51_0.jpeg', '', 2, '2021-03-22 14:38:50'),
(135, 136, '2021-03-19', 10291, 'scotiabank', 'carlos valdivia ', '6058f3e9a1a55_0.jpeg', '', 2, '2021-03-22 14:47:29'),
(136, 137, '2021-03-20', 10318, 'scotiabank', 'carlos valdivia', '6058f5056ddf0_0.jpeg', '', 2, '2021-03-22 14:52:37'),
(137, 138, '2021-03-20', 10320, 'scotiabank', 'carlos valdivia ', '6058f51b333e8_0.jpeg', '', 2, '2021-03-22 14:53:27'),
(138, 140, '2021-03-20', 7548, 'scotiabank', 'carlos valdivia', '6058fa585b52f_0.jpeg', '', 2, '2021-03-22 15:16:34'),
(139, 141, '2021-03-19', 966514, 'bcp', 'sonia castelo', '6058fc5a3c754_0.jpeg', '', 2, '2021-03-22 15:30:46'),
(140, 128, '2021-03-23', 465178, 'bcp', 'sonia castelo', '6055239c69e33_0.jpeg', '', 2, '2021-03-22 18:23:35'),
(141, 142, '2021-03-22', 0, 'bcp', 'sonia castelo', '6059003118e08_0.jpeg', '', 2, '2021-03-22 18:24:34'),
(142, 139, '2021-03-23', 974083, 'bcp ', 'sonia castelo', '6058f998eec33_0.jpeg', '', 2, '2021-03-23 11:29:04'),
(143, 144, '2021-03-22', 213, 'bbva', 'c&v', '60591452e30a1_0.jpeg', '', 2, '2021-03-23 11:35:39'),
(144, 147, '2021-03-23', 193331, 'bcp', 'la positiva', '605a1ccd70de2_0.jpeg', '', 2, '2021-03-23 11:54:33'),
(145, 148, '2021-03-23', 10492, 'scotiabank', 'carlos valdivia ', '605a1f713d152_0.jpeg', '', 2, '2021-03-23 12:08:05'),
(146, 146, '2021-03-23', 12795, 'scotiabank', 'carlos valdivia ', '605a19d0315da_0.jpeg', '', 2, '2021-03-23 16:25:09'),
(147, 149, '2021-03-23', 46238277, 'bcp ', 'la positiva ', '605a5f964d6d9_0.jpeg', '', 2, '2021-03-24 12:21:18'),
(149, 152, '2021-03-24', 585677, 'bcp ', 'sonia castelo', '605b72b8dad26_0.jpeg', '', 2, '2021-03-25 12:31:58'),
(150, 154, '2021-03-24', 615866, 'bcp', 'la positiva ', '605b96338b5b5_0.jpeg', '', 2, '2021-03-25 12:33:11'),
(151, 158, '2021-03-24', 228, 'bbva', 'c&v', '605bce14ae6ab_0.jpeg', '', 2, '2021-03-25 12:38:03'),
(152, 134, '2021-03-25', 268417, 'interbank ', 'carlos valdivia', '6058f0f429c18_0.jpeg,6058f0f429c18_1.jpeg', '', 2, '2021-03-25 12:44:53'),
(153, 145, '2021-03-25', 433412, 'bcp ', 'sonia castelo', '605a15f88be2b_0.png', '', 2, '2021-03-25 12:52:13'),
(154, 151, '2021-03-25', 435255, 'bcp ', 'sonia castelo', '605b547a2192f_0.png', '', 2, '2021-03-25 12:54:36'),
(155, 150, '2021-03-23', 5644, 'scotiabank', 'carlos valdivia', '605a795f0c108_0.jpeg', '', 2, '2021-03-25 13:00:37'),
(156, 155, '2021-03-24', 76033, 'bcp', 'la positiva ', '605bacdc789ad_0.jpeg', '', 2, '2021-03-25 13:13:16'),
(157, 157, '2021-03-24', 74572, 'bcp', 'la positiva', '605bccf82e673_0.jpeg', '', 2, '2021-03-25 13:15:02'),
(158, 143, '2021-03-23', 301172, 'bcp', 'sonia castelo', '60590f9ae43ad_0.jpeg', '', 2, '2021-03-25 13:19:30'),
(159, 161, '2021-03-25', 719031, 'bcp', 'sonia castelo', '605ce9501155c_0.jpeg', '', 2, '2021-03-26 11:04:21'),
(160, 163, '2021-03-25', 186951, 'bcp', 'sonia castelo ', '605e0b166dff5_0.jpeg', '', 2, '2021-03-26 11:28:33'),
(161, 159, '2021-03-26', 261545, 'bcp ', 'la positiva', '605cb3b60aa72_0.jpeg', '', 2, '2021-03-26 11:39:11'),
(162, 153, '2021-03-25', 241, 'bbva', 'c&v', '605b838de5b86_0.jpeg', '', 2, '2021-03-26 11:43:58'),
(164, 160, '2021-03-25', 238, 'bbva', 'c&v', '605ce76ac6149_0.jpeg', '', 2, '2021-03-26 12:20:31'),
(165, 166, '2021-03-26', 29383, 'bcp', 'la positiva', '605e554875427_0.jpeg', '', 2, '2021-03-26 16:52:02'),
(166, 164, '2021-03-26', 0, 'bcp', 'sonia castelo', '605e2c247e662_0.jpeg', '', 2, '2021-03-26 16:54:13'),
(167, 165, '2021-03-26', 849156, 'bcp', 'sonia castelo', '605e36cd9d128_0.jpeg', '', 2, '2021-03-26 17:15:00'),
(168, 162, '2021-03-27', 0, 'bcp ', 'sonia castelo', '605cf14b73605_0.jpeg', '', 2, '2021-03-27 11:34:50'),
(169, 170, '2021-03-28', 749927, 'bcp', 'sonia castelo', '60620f696e92d_0.jpeg', '', 2, '2021-03-29 12:36:33'),
(170, 171, '2021-03-29', 373635, 'bcp', 'sonia castelo', '606212c0da6c6_0.jpeg', '', 2, '2021-03-29 12:49:23'),
(171, 173, '2021-03-27', 242, 'bbva', 'c&v', '60621577843be_0.jpeg', '', 2, '2021-03-29 13:00:42'),
(172, 174, '2021-03-29', 243, 'bbva', 'c&v', '60621633a1ef9_0.jpeg', '', 2, '2021-03-29 13:05:01'),
(173, 172, '2021-03-29', 435724, 'bcp', 'la positiva', '60621509ed419_0.jpeg', '', 2, '2021-03-29 13:14:29'),
(174, 167, '2021-03-27', 589262, 'bcp ', 'la positiva', '605f428945003_0.jpeg', '', 2, '2021-03-29 13:18:34'),
(176, 169, '2021-03-27', 3814, 'scotiabank', 'carlos valdivia', '605f586fcf488_0.jpeg', '', 2, '2021-03-29 13:33:59'),
(177, 168, '2021-03-27', 10731, 'scotiabank ', 'carlos valdivia ', '605f429caf836_0.jpeg', '', 2, '2021-03-29 13:37:19'),
(178, 178, '2021-03-29', 5959, 'scotiabank', 'carlos valdivia', '60621f823777a_0.jpeg', '', 2, '2021-03-29 13:44:30'),
(179, 179, '2021-03-29', 244, 'bbva', 'c&v', '606227bb080ae_0.jpeg', '', 2, '2021-03-29 14:21:13'),
(180, 180, '2021-03-29', 245, 'bbva', 'c&v', '6062287e208a5_0.jpeg', '', 2, '2021-03-29 14:22:00'),
(181, 176, '2021-03-29', 892746, 'bcp', 'la positiva', '60621a3669984_0.jpeg', '', 2, '2021-03-29 18:06:36'),
(182, 183, '2021-03-30', 608688, 'bcp', 'la positiva', '60635779972e8_0.jpeg', '', 2, '2021-03-30 15:04:08'),
(183, 182, '2021-03-30', 8658, 'scotiabank', 'carlos valdivia', '606346207d450_0.jpeg', '', 2, '2021-03-30 15:19:01'),
(184, 181, '2021-03-29', 177127, 'bcp', 'la positiva', '6062433762539_0.jpeg', '', 2, '2021-03-30 15:22:57'),
(185, 175, '2021-03-30', 249, 'bbva', 'c&v', '60621722c0ec6_0.jpeg', '', 2, '2021-03-30 17:02:59'),
(186, 184, '2021-03-31', 253, 'bbva', 'c&v', '6064ae6125c53_0.jpeg', '', 2, '2021-03-31 12:25:22'),
(187, 185, '2021-03-31', 6106, 'scotiabank', 'carlos valdivia', '6064bbca37d0f_0.jpeg', '', 2, '2021-03-31 13:15:47'),
(188, 186, '2021-03-31', 174294, 'bcp', 'bcp', '6064cff7cb94b_0.jpeg', 'sonia castelo', 2, '2021-03-31 14:46:44'),
(189, 187, '2021-03-31', 376795, 'bcp', 'sonia castelo', '6064e9f09c6c3_0.jpeg', '', 2, '2021-03-31 17:55:29'),
(190, 188, '2021-03-31', 937530, 'bcp', 'la positiva ', '6064fd24bcf3e_0.jpeg', '', 2, '2021-04-07 12:50:25'),
(191, 191, '2021-04-05', 522126, 'bcp', 'la positiva ', '606df11836e32_0.jpeg', '', 2, '2021-04-07 12:52:41'),
(192, 192, '2021-03-31', 258, 'bbva ', 'c&v', '606df28eaf32e_0.jpeg', '', 2, '2021-04-07 12:58:07'),
(193, 193, '2021-04-02', 262, 'bbva', 'c&v', '606df2dbdfb6d_0.jpeg', '', 2, '2021-04-07 12:59:45'),
(194, 194, '2021-04-03', 263, 'bbva', 'c&v', '606df33d25217_0.jpeg', '', 2, '2021-04-07 13:01:15'),
(195, 195, '2021-04-05', 264, 'bbva', 'c&v', '606df38fd5738_0.jpeg', '', 2, '2021-04-07 13:02:29'),
(196, 190, '2021-03-31', 731683, 'bcp', 'sonia castelo', '606502d5eaba6_0.jpeg', '', 2, '2021-04-07 13:05:20'),
(197, 196, '2021-04-03', 275501, 'bcp ', 'sonia castelo ', '606df4ea9b535_0.jpeg', '', 2, '2021-04-07 13:08:21'),
(198, 197, '2021-04-05', 400661, 'bcp', 'la positiva', '606df5500d00f_0.jpeg', '', 2, '2021-04-07 13:10:28'),
(199, 198, '2021-04-06', 638551, 'bcp', 'la positiva ', '606df5d2a3b00_0.jpeg', '', 2, '2021-04-07 13:13:32'),
(200, 189, '2021-03-31', 310629, 'interbank ', 'carlos valdivia ', '6064ff574901e_0.jpeg', '', 2, '2021-04-07 14:04:56'),
(201, 199, '2021-04-07', 978182, 'interbank', 'carlos valdivia ', '606e031c45476_0.jpeg', '', 2, '2021-04-07 14:37:58'),
(202, 204, '2021-04-01', 4168, 'scotiabank', 'carlos valdivia ', '606e298a7cf4a_0.jpeg', '', 2, '2021-04-07 16:53:01'),
(203, 205, '2021-04-05', 573434, 'bcp', 'sonia castelo', '606e2b403ab9f_0.jpeg', '', 2, '2021-04-07 17:00:17'),
(204, 206, '2021-04-06', 331351, 'bcp', 'sonia castelo', '606e2b8c11ddf_0.jpeg', '', 2, '2021-04-07 17:02:38'),
(205, 207, '2021-04-02', 798244, 'bcp', 'sonia castelo', '606e338fcd10e_0.jpeg', '', 2, '2021-04-07 17:35:56'),
(206, 208, '2021-04-07', 304631, 'bcp', 'la positiva', '606e34124d9c3_0.jpeg', '', 2, '2021-04-07 17:38:50'),
(207, 209, '2021-04-03', 0, 'bcp', 'sonia castelo', '606e358e82bad_0.jpeg', '', 2, '2021-04-07 17:44:16'),
(208, 210, '2021-04-07', 0, 'bcp', 'sonia castelo', '606e360651cd5_0.jpeg', '', 2, '2021-04-07 17:48:00'),
(209, 212, '2021-03-26', 733382, 'bcp', 'sonia castelo', '606e3a1b10892_0.jpeg', '', 2, '2021-04-07 18:03:43'),
(210, 213, '2021-03-28', 27267973, 'bcp', 'sonia castelo', '606e3abb2ea39_0.jpeg', '', 2, '2021-04-07 18:06:48'),
(211, 214, '2021-03-28', 27283237, 'bcp', 'sonia castelo', '606e3ad10badf_0.jpeg', '', 2, '2021-04-07 18:07:27'),
(212, 215, '2021-04-04', 167049, 'bcp', 'sonia castelo', '606e3bc1b72fd_0.jpeg', '', 2, '2021-04-07 18:14:56'),
(213, 216, '2021-04-07', 6643, 'scotiabank', 'carlos valdivia ', '606e3e44ee6f2_0.jpeg', '', 2, '2021-04-07 18:23:06'),
(214, 200, '2021-04-07', 249775, 'bcp', 'sonia castelo', '606e03c534d26_0.jpeg', '', 2, '2021-04-07 18:26:12'),
(215, 217, '2021-03-20', 891929, 'interbank', 'carlos valdivia', '606e405f6be40_0.jpeg', '', 2, '2021-04-07 18:30:45'),
(216, 218, '2021-03-26', 106150, 'interbank', 'carlos valdivia', '606e406a43b7b_0.jpeg', '', 2, '2021-04-07 18:31:50'),
(217, 219, '2021-03-26', 51832, 'bcp', 'carlos valdivia', '606f1693204a0_0.jpeg', '', 2, '2021-04-08 09:44:06'),
(218, 220, '2021-03-30', 309783, 'bcp', 'carlos valdivia ', '606f17f120149_0.jpeg', '', 2, '2021-04-08 09:50:27'),
(219, 223, '2021-04-07', 267, 'bbva', 'c&v', '606f1d200ad54_0.jpeg', '', 2, '2021-04-08 10:12:56'),
(220, 221, '2021-04-05', 875832, 'bcp', 'carlos valdivia ', '606f184f280b8_0.jpeg', '', 2, '2021-04-08 10:32:53'),
(221, 224, '2021-04-05', 873882, 'bcp', 'carlos valdivia ', '606f21d76bf07_0.jpeg', '', 2, '2021-04-08 10:34:17'),
(222, 225, '2021-04-06', 408908, 'bcp', 'carlos valdivia ', '606f22de8f918_0.jpeg', '', 2, '2021-04-08 10:37:29'),
(223, 226, '2021-04-07', 454468, 'bcp', 'carlos valdivia ', '606f236c834bf_0.jpeg', '', 2, '2021-04-08 10:41:00'),
(224, 227, '2021-04-07', 458524, 'bcp', 'carlos valdivia', '606f23ae2a8d0_0.jpeg', '', 2, '2021-04-08 10:42:09'),
(225, 228, '2021-03-25', 85006469, 'bcp', 'carlos valdivia ', '606f272eeaf0f_0.jpeg', '', 2, '2021-04-08 10:55:17'),
(226, 229, '2021-03-28', 22068732, ' bcp', 'carlos valdivia ', '606f277980d3b_0.jpeg', '', 2, '2021-04-08 10:56:22'),
(227, 230, '2021-04-05', 68911769, 'bcp', 'carlos valdivia', '606f27b6c110b_0.jpeg', '', 2, '2021-04-08 11:00:55'),
(228, 231, '2021-04-07', 93984939, 'bcp', 'carlos valdivia', '606f28c5d5c0a_0.jpeg', '', 2, '2021-04-08 11:23:32'),
(229, 233, '2021-04-05', 58782448, 'bcp', 'sonia castelo', '606f2e9e5defb_0.jpeg', '', 2, '2021-04-08 11:27:04'),
(230, 234, '2021-04-05', 158418, 'bcp', 'sonia castelo ', '606f32c54fc76_0.jpeg', '', 2, '2021-04-08 11:44:37'),
(231, 211, '2021-04-08', 241256, 'bcp', 'sonia castelo', '606e37ceea602_0.jpeg', '', 2, '2021-04-08 13:54:34'),
(232, 201, '2021-04-07', 627295, 'bcp', 'sonia castelo', '606e0b0304741_0.jpeg', '', 2, '2021-04-08 13:56:38'),
(233, 202, '2021-04-08', 657614, 'interbank ', 'carlos valvidia ', '606e0ed5474d4_0.jpeg', '', 2, '2021-04-08 17:19:08'),
(234, 236, '2021-04-08', 11434, 'scotiabank', 'carlos valdivia ', '606f8bf35bd2c_0.jpeg', '', 2, '2021-04-08 18:19:12'),
(235, 240, '2021-04-09', 933762, 'bcp', 'sonia castelo', '607062ef22973_0.jpeg', '', 2, '2021-04-09 09:57:45'),
(236, 203, '2021-04-09', 331892, 'interbank', 'carlos valdivia ', '606e1139ca228_0.jpeg', '', 2, '2021-04-09 10:03:25'),
(237, 232, '2021-04-09', 0, 'bcp', 'sonia castelo', '606f2d52c755b_0.jpeg', '', 2, '2021-04-09 10:13:13'),
(238, 239, '2021-04-09', 533520, 'bcp', 'sonia castelo', '60705d5931d91_0.jpeg', '', 2, '2021-04-09 17:46:22'),
(239, 243, '2021-04-12', 616694, 'bcp', 'la positiva ', '6074bfc26bf2f_0.jpeg', '', 2, '2021-04-12 16:48:17'),
(240, 244, '2021-04-12', 921704, 'bcp ', 'la positiva ', '6074c044840fe_0.jpeg', '', 2, '2021-04-12 16:50:11'),
(241, 237, '2021-04-09', 626470, 'interbank', 'carlos valdivia ', '606f936d84eef_0.jpeg', '', 2, '2021-04-12 16:55:38'),
(242, 245, '2021-04-10', 98937, 'bcp', 'sonia castelo', '6074c283cd1d7_0.jpeg', '', 2, '2021-04-12 17:00:06'),
(243, 242, '2021-04-09', 4560, 'scotiabank', 'carlos valdivia ', '6070e4b06c577_0.jpeg', '', 2, '2021-04-12 17:17:47'),
(244, 235, '2021-04-09', 6766, 'scotiabank', 'carlos valdivia', '606f7f54c0359_0.jpeg', '', 2, '2021-04-12 17:35:00'),
(245, 247, '2021-04-10', 6792, 'scotiabank', 'carlos valdivia ', '6074cb88271fb_0.jpeg', '', 2, '2021-04-12 17:40:02'),
(246, 248, '2021-04-12', 222445, 'bcp', 'sonia castelo', '6074cd2042f2a_0.jpeg', '', 2, '2021-04-12 17:45:24'),
(247, 246, '2021-04-12', 579930, 'bcp', 'sonia castelo', '6074ca5b2559d_0.jpeg', '', 2, '2021-04-12 17:47:14'),
(248, 249, '2021-04-10', 0, 'bcp', 'sonia castelo', '6074ce8d2c70f_0.jpeg', '', 2, '2021-04-12 17:51:16'),
(249, 241, '2021-04-12', 271, 'bbva', 'c&v', '6070a4766e644_0.jpeg', '', 2, '2021-04-12 17:58:24'),
(250, 238, '2021-04-09', 789245, 'bcp', 'sonia castelo ', '60705d23c3631_0.jpeg', '', 2, '2021-04-12 18:12:03'),
(251, 253, '2021-04-12', 595930, 'bcp ', 'sonia castelo', '6074d3df5ea39_0.jpeg', '', 2, '2021-04-12 18:18:47'),
(252, 255, '2021-04-12', 279, 'bbva', 'c&v', '6074d76aefc4b_0.jpeg', '', 2, '2021-04-12 18:30:48'),
(253, 258, '2021-04-12', 795624, 'bcp', 'sonia castelo', '6075c75045b95_0.jpeg', '', 2, '2021-04-13 11:32:56'),
(254, 252, '2021-04-12', 825554, 'bcp', 'sonia castelo', '6074d2b9dc5be_0.jpeg', '', 2, '2021-04-13 11:47:33'),
(255, 254, '2021-04-12', 85061882, 'bcp', 'carlos valdivia ', '6074d691cc335_0.jpeg', '', 2, '2021-04-13 11:54:12'),
(256, 251, '2021-04-12', 282, 'bbva', 'c&v', '6074d1f4a91d9_0.jpeg', '', 2, '2021-04-13 11:56:43'),
(257, 257, '2021-04-13', 273807, 'bcp', 'sonia castelo ', '6075c1615abf7_0.jpeg', '', 2, '2021-04-13 12:15:45'),
(258, 260, '2021-04-13', 649349, 'bcp', 'la positiva ', '607606e14ba24_0.jpeg', '', 2, '2021-04-13 16:42:27'),
(259, 250, '2021-04-13', 747327, 'bcp', 'sonia castelo', '6074cef7f2130_0.jpeg', '', 2, '2021-04-13 17:31:00'),
(260, 261, '2021-04-13', 847354, 'bcp', 'la positiva ', '60761807deb1c_0.jpeg', '', 2, '2021-04-13 18:25:30'),
(261, 222, '2021-04-14', 0, 'bcp', 'sonia castelo', '606f1c2e72741_0.jpeg', '', 2, '2021-04-14 10:39:06'),
(262, 259, '2021-04-13', 2441593, 'bcp', 'carlos valdivia ', '6075ccc85a87f_0.jpeg', '', 2, '2021-04-14 10:52:49'),
(263, 262, '2021-04-14', 293041, 'bcp', 'sonia castelo', '60770bded568e_0.jpeg', '', 2, '2021-04-14 11:25:15'),
(264, 263, '2021-04-14', 11725, 'scotiabank', 'carlos valdivia ', '60770ceb98945_0.jpeg', '', 2, '2021-04-14 11:33:30');

-- --------------------------------------------------------

--
-- Estructura de tabla para la tabla `t_usuarios`
--

CREATE TABLE `t_usuarios` (
  `id` bigint(20) NOT NULL,
  `dni` varchar(255) COLLATE utf8_spanish2_ci NOT NULL,
  `nombres` varchar(255) COLLATE utf8_spanish2_ci NOT NULL,
  `apellidos` varchar(255) COLLATE utf8_spanish2_ci NOT NULL,
  `direccion` text COLLATE utf8_spanish2_ci NOT NULL,
  `correo` varchar(255) COLLATE utf8_spanish2_ci NOT NULL,
  `celular` varchar(9) COLLATE utf8_spanish2_ci NOT NULL,
  `password` varchar(255) COLLATE utf8_spanish2_ci NOT NULL,
  `fecha_creacion` datetime NOT NULL DEFAULT current_timestamp()
) ENGINE=InnoDB DEFAULT CHARSET=utf8 COLLATE=utf8_spanish2_ci;

--
-- Volcado de datos para la tabla `t_usuarios`
--

INSERT INTO `t_usuarios` (`id`, `dni`, `nombres`, `apellidos`, `direccion`, `correo`, `celular`, `password`, `fecha_creacion`) VALUES
(1, '45463902', 'marco antonio', 'rodriguez salinas', 'urb. las mercedes d-12', 'marcorodriguez@confianzayvida.com', '986211925', 'c41c6d91d6a2eb5bc4c2de1eb4b7caf8a2ce528cf3efb52578d581a1a1006ce35edb757b2d0e3daa12261833037b70aef0147716876e1c41841bf8c2ffbebce6', '2020-08-13 09:02:44'),
(2, '44507796', 'pamela mary', 'rodriguez salinas', '', 'pamelarodriguez@confianzayvida.com', '', '737c8dd093b0f86aa1b396bfcf52675102d4541419aa16e3382ba27a152c440d5fd8e17af9a0c67305267be674f04aacb7f97ce650cc853504d69d275d5f7b85', '2021-03-04 09:22:55');

--
-- Índices para tablas volcadas
--

--
-- Indices de la tabla `t_empresas_seguro`
--
ALTER TABLE `t_empresas_seguro`
  ADD PRIMARY KEY (`id`),
  ADD KEY `id` (`id`);

--
-- Indices de la tabla `t_monedas`
--
ALTER TABLE `t_monedas`
  ADD PRIMARY KEY (`id`);

--
-- Indices de la tabla `t_productos_empresas_seguros`
--
ALTER TABLE `t_productos_empresas_seguros`
  ADD PRIMARY KEY (`id`),
  ADD KEY `id` (`id`);

--
-- Indices de la tabla `t_ramos`
--
ALTER TABLE `t_ramos`
  ADD PRIMARY KEY (`id`);

--
-- Indices de la tabla `t_subagentes`
--
ALTER TABLE `t_subagentes`
  ADD PRIMARY KEY (`id`),
  ADD KEY `id` (`id`);

--
-- Indices de la tabla `t_subagentes_ventas`
--
ALTER TABLE `t_subagentes_ventas`
  ADD PRIMARY KEY (`id`);

--
-- Indices de la tabla `t_subagentes_vouchers`
--
ALTER TABLE `t_subagentes_vouchers`
  ADD PRIMARY KEY (`id`);

--
-- Indices de la tabla `t_usuarios`
--
ALTER TABLE `t_usuarios`
  ADD PRIMARY KEY (`id`);

--
-- AUTO_INCREMENT de las tablas volcadas
--

--
-- AUTO_INCREMENT de la tabla `t_empresas_seguro`
--
ALTER TABLE `t_empresas_seguro`
  MODIFY `id` int(11) NOT NULL AUTO_INCREMENT, AUTO_INCREMENT=21;

--
-- AUTO_INCREMENT de la tabla `t_monedas`
--
ALTER TABLE `t_monedas`
  MODIFY `id` int(11) NOT NULL AUTO_INCREMENT, AUTO_INCREMENT=3;

--
-- AUTO_INCREMENT de la tabla `t_productos_empresas_seguros`
--
ALTER TABLE `t_productos_empresas_seguros`
  MODIFY `id` int(11) NOT NULL AUTO_INCREMENT, AUTO_INCREMENT=1083;

--
-- AUTO_INCREMENT de la tabla `t_ramos`
--
ALTER TABLE `t_ramos`
  MODIFY `id` int(11) NOT NULL AUTO_INCREMENT, AUTO_INCREMENT=98;

--
-- AUTO_INCREMENT de la tabla `t_subagentes`
--
ALTER TABLE `t_subagentes`
  MODIFY `id` int(11) NOT NULL AUTO_INCREMENT, AUTO_INCREMENT=50;

--
-- AUTO_INCREMENT de la tabla `t_subagentes_ventas`
--
ALTER TABLE `t_subagentes_ventas`
  MODIFY `id` int(11) NOT NULL AUTO_INCREMENT, AUTO_INCREMENT=266;

--
-- AUTO_INCREMENT de la tabla `t_subagentes_vouchers`
--
ALTER TABLE `t_subagentes_vouchers`
  MODIFY `id` int(11) NOT NULL AUTO_INCREMENT, AUTO_INCREMENT=265;

--
-- AUTO_INCREMENT de la tabla `t_usuarios`
--
ALTER TABLE `t_usuarios`
  MODIFY `id` bigint(20) NOT NULL AUTO_INCREMENT, AUTO_INCREMENT=3;
COMMIT;

/*!40101 SET CHARACTER_SET_CLIENT=@OLD_CHARACTER_SET_CLIENT */;
/*!40101 SET CHARACTER_SET_RESULTS=@OLD_CHARACTER_SET_RESULTS */;
/*!40101 SET COLLATION_CONNECTION=@OLD_COLLATION_CONNECTION */;
